timestamp,project_name,run_id,experiment_id,duration,emissions,emissions_rate,cpu_power,gpu_power,ram_power,cpu_energy,gpu_energy,ram_energy,energy_consumed,water_consumed,country_name,country_iso_code,region,cloud_provider,cloud_region,os,python_version,codecarbon_version,cpu_count,cpu_model,gpu_count,gpu_model,longitude,latitude,ram_total_size,tracking_mode,cpu_utilization_percent,gpu_utilization_percent,ram_utilization_percent,ram_used_gb,on_cloud,pue,wue
2026-06-15T21:35:06,Laptop_CPU_Knowledge Retrieval_Run1,c27cc29c-8ba8-4655-9e88-f271635ad47c,5b0fa12a-3dd7-45bb-9766-cc326314d9f1,9.84981179999886,2.6636713452223936e-05,2.7042865379648182e-06,11.56378997925,0.0,10.0,2.0242389427739585e-05,0.0,1.7396780277785083e-05,3.7639169705524674e-05,0.0,South Africa,ZAF,western cape,,,Windows-10-10.0.19045-SP0,3.11.7,3.2.6,16,AMD Ryzen 7 6800H with Radeon Graphics,0,,18.4129,-33.914,15.237815856933594,machine,0.0,0,77.72500000000001,11.841748237609863,N,1.0,0.0
2026-06-15T21:35:22,Laptop_CPU_Knowledge Retrieval_Run2,d8afeea3-cf4c-4617-a8fe-46465e4ec0f2,5b0fa12a-3dd7-45bb-9766-cc326314d9f1,10.111631799998577,2.440673836531987e-05,2.413728945838723e-06,11.974078872000002,0.0,10.0,1.929392153328341e-05,0.0,1.5194168333295644e-05,3.448808986657906e-05,0.0,South Africa,ZAF,western cape,,,Windows-10-10.0.19045-SP0,3.11.7,3.2.6,16,AMD Ryzen 7 6800H with Radeon Graphics,0,,18.4129,-33.914,15.237815856933594,machine,0.0,0,77.89999999999999,11.87120246887207,N,1.0,0.0
2026-06-15T21:35:40,Laptop_CPU_Knowledge Retrieval_Run3,d277486a-d64c-427f-8293-1f717a042400,5b0fa12a-3dd7-45bb-9766-cc326314d9f1,11.434280900008162,2.691713072421913e-05,2.354072893573912e-06,11.42025703605,0.0,10.0,2.0536346701339944e-05,0.0,1.7499068333321098e-05,3.803541503466104e-05,0.0,South Africa,ZAF,western cape,,,Windows-10-10.0.19045-SP0,3.11.7,3.2.6,16,AMD Ryzen 7 6800H with Radeon Graphics,0,,18.4129,-33.914,15.237815856933594,machine,0.0,0,77.89999999999999,11.8678584628635,N,1.0,0.0
2026-06-15T21:35:53,Laptop_CPU_Summarisation_Run1,fbb3604d-03ea-44be-89ce-73ffaf4a67fd,5b0fa12a-3dd7-45bb-9766-cc326314d9f1,8.109913299995242,1.9491721802818064e-05,2.403443918793744e-06,11.582193513535715,0.0,10.0,1.507165558674181e-05,0.0,1.2471240277833811e-05,2.7542895864575623e-05,0.0,South Africa,ZAF,western cape,,,Windows-10-10.0.19045-SP0,3.11.7,3.2.6,16,AMD Ryzen 7 6800H with Radeon Graphics,0,,18.4129,-33.914,15.237815856933594,machine,0.0,0,79.26666666666667,12.077932993570965,N,1.0,0.0
2026-06-15T21:36:06,Laptop_CPU_Summarisation_Run2,63fdb2f7-91d4-48eb-8e4e-610f3e7ed30d,5b0fa12a-3dd7-45bb-9766-cc326314d9f1,6.604077800002415,1.9677607005628177e-05,2.9796146565113123e-06,11.683281261375,0.0,10.0,1.525591735701141e-05,0.0,1.2549644722255632e-05,2.7805562079267044e-05,0.0,South Africa,ZAF,western cape,,,Windows-10-10.0.19045-SP0,3.11.7,3.2.6,16,AMD Ryzen 7 6800H with Radeon Graphics,0,,18.4129,-33.914,15.237815856933594,machine,0.0,0,79.55999999999999,12.125403594970702,N,1.0,0.0
2026-06-15T21:36:18,Laptop_CPU_Summarisation_Run3,aee86ab5-17ea-400c-bb03-338997fd007b,5b0fa12a-3dd7-45bb-9766-cc326314d9f1,6.527079599996796,2.7990387093044265e-05,4.288347746373126e-06,17.097542131500003,0.0,10.0,2.856928757553612e-05,0.0,1.0982698888862313e-05,3.955198646439842e-05,0.0,South Africa,ZAF,western cape,,,Windows-10-10.0.19045-SP0,3.11.7,3.2.6,16,AMD Ryzen 7 6800H with Radeon Graphics,0,,18.4129,-33.914,15.237815856933594,machine,0.0,0,78.575,11.9658784866333,N,1.0,0.0
2026-06-15T21:36:31,Laptop_CPU_Logical Reasoning_Run1,df8d41c8-1c0e-4885-954f-7e3c5ef33556,5b0fa12a-3dd7-45bb-9766-cc326314d9f1,7.293010800000047,1.839251033955087e-05,2.5219365285391804e-06,11.849624737875002,0.0,10.0,1.4321974819883776e-05,0.0,1.1667673611130642e-05,2.598964843101442e-05,0.0,South Africa,ZAF,western cape,,,Windows-10-10.0.19045-SP0,3.11.7,3.2.6,16,AMD Ryzen 7 6800H with Radeon Graphics,0,,18.4129,-33.914,15.237815856933594,machine,0.0,0,78.2,11.911408996582033,N,1.0,0.0
2026-06-15T21:36:43,Laptop_CPU_Logical Reasoning_Run2,0010720a-ac78-4c2a-bc20-b1c3a042f29d,5b0fa12a-3dd7-45bb-9766-cc326314d9f1,5.890786300005857,1.871631349089212e-05,3.1772182078432403e-06,11.536363598399998,0.0,10.0,1.4386941829299106e-05,0.0,1.2060258611139336e-05,2.6447200440438443e-05,0.0,South Africa,ZAF,western cape,,,Windows-10-10.0.19045-SP0,3.11.7,3.2.6,16,AMD Ryzen 7 6800H with Radeon Graphics,0,,18.4129,-33.914,15.237815856933594,machine,0.0,0,78.25,11.922463417053224,N,1.0,0.0
2026-06-15T21:36:58,Laptop_CPU_Logical Reasoning_Run3,2c059268-d63a-4887-a4ec-fbf6e5772caf,5b0fa12a-3dd7-45bb-9766-cc326314d9f1,9.081806100002725,2.411144337711069e-05,2.6549172170834457e-06,13.34089045575,0.0,10.0,2.022404399022547e-05,0.0,1.384677749997031e-05,3.407082149019578e-05,0.0,South Africa,ZAF,western cape,,,Windows-10-10.0.19045-SP0,3.11.7,3.2.6,16,AMD Ryzen 7 6800H with Radeon Graphics,0,,18.4129,-33.914,15.237815856933594,machine,0.0,0,78.25714285714285,11.919031960623604,N,1.0,0.0
2026-06-15T21:37:21,Laptop_CPU_Mathematical Reasoning_Run1,6c09dd29-1c80-45d1-a56b-d8e6e8082e1b,5b0fa12a-3dd7-45bb-9766-cc326314d9f1,17.09541610001179,4.285663870275155e-05,2.5069081941048508e-06,12.020519852859374,0.0,10.0,3.312699024934603e-05,0.0,2.743184333327615e-05,6.055883358262216e-05,0.0,South Africa,ZAF,western cape,,,Windows-10-10.0.19045-SP0,3.11.7,3.2.6,16,AMD Ryzen 7 6800H with Radeon Graphics,0,,18.4129,-33.914,15.237815856933594,machine,0.0,0,78.12000000000002,11.903462473551432,N,1.0,0.0
2026-06-15T21:37:44,Laptop_CPU_Mathematical Reasoning_Run2,81d0a52d-272d-4fbf-9434-c1d210ccefca,5b0fa12a-3dd7-45bb-9766-cc326314d9f1,17.466415500006406,4.177772314472733e-05,2.391888773326846e-06,12.805693907203125,0.0,10.0,3.321167512342232e-05,0.0,2.582259027779704e-05,5.903426540121937e-05,0.0,South Africa,ZAF,western cape,,,Windows-10-10.0.19045-SP0,3.11.7,3.2.6,16,AMD Ryzen 7 6800H with Radeon Graphics,0,,18.4129,-33.914,15.237815856933594,machine,0.0,0,78.25333333333333,11.923922475179037,N,1.0,0.0
2026-06-15T21:37:58,Laptop_CPU_Mathematical Reasoning_Run3,22107426-817a-4564-90cb-dd8d17d885a3,5b0fa12a-3dd7-45bb-9766-cc326314d9f1,7.9677928000019165,2.472912182129006e-05,3.103635152420644e-06,13.08654313682143,0.0,10.0,2.002094465578545e-05,0.0,1.4922691111051892e-05,3.494363576683735e-05,0.0,South Africa,ZAF,western cape,,,Windows-10-10.0.19045-SP0,3.11.7,3.2.6,16,AMD Ryzen 7 6800H with Radeon Graphics,0,,18.4129,-33.914,15.237815856933594,machine,0.0,0,78.26666666666667,11.92233403523763,N,1.0,0.0
2026-06-15T21:38:41,Laptop_CPU_Code Generation_Run1,33125135-0ab4-418d-9a7c-cc53b4832cff,5b0fa12a-3dd7-45bb-9766-cc326314d9f1,37.67189879999205,8.77722477232216e-05,2.3299130258663818e-06,13.046385480187505,0.0,10.0,7.052487712113152e-05,0.0,5.350223055546748e-05,0.0001240271076765,0.0,South Africa,ZAF,western cape,,,Windows-10-10.0.19045-SP0,3.11.7,3.2.6,16,AMD Ryzen 7 6800H with Radeon Graphics,0,,18.4129,-33.914,15.237815856933594,machine,0.0,0,78.42571428571429,11.94985362461635,N,1.0,0.0
2026-06-15T21:39:21,Laptop_CPU_Code Generation_Run2,663252dc-0054-4138-8935-76d89725137c,5b0fa12a-3dd7-45bb-9766-cc326314d9f1,33.6406510000088,7.715104470860319e-05,2.293387387437389e-06,12.56659013735156,0.0,10.0,6.125565836662692e-05,0.0,4.7763093888756365e-05,0.0001090187522553,0.0,South Africa,ZAF,western cape,,,Windows-10-10.0.19045-SP0,3.11.7,3.2.6,16,AMD Ryzen 7 6800H with Radeon Graphics,0,,18.4129,-33.914,15.237815856933594,machine,0.0,0,78.65161290322575,11.984416838615171,N,1.0,0.0
2026-06-15T21:40:02,Laptop_CPU_Code Generation_Run3,e29d4ce4-7539-4d65-b77b-8c7b87c21faa,5b0fa12a-3dd7-45bb-9766-cc326314d9f1,35.52807689999463,8.395072314927505e-05,2.3629402566759177e-06,13.423880684117648,0.0,10.0,6.842241666962848e-05,0.0,5.0204662500052826e-05,0.0001186270791696,0.0,South Africa,ZAF,western cape,,,Windows-10-10.0.19045-SP0,3.11.7,3.2.6,16,AMD Ryzen 7 6800H with Radeon Graphics,0,,18.4129,-33.914,15.237815856933594,machine,2.524242424242424,0,78.37575757575755,11.942735960989287,N,1.0,0.0
2026-06-15T21:59:56,Laptop_CPU_Knowledge Retrieval_Run1,85e9f033-aac4-463b-af22-bb206e89ad54,5b0fa12a-3dd7-45bb-9766-cc326314d9f1,12.025965399996494,3.674857032269332e-05,3.05576883854198e-06,15.218171052136364,0.0,10.0,3.135354713121716e-05,0.0,2.0574243333329733e-05,5.192779046454688e-05,0.0,South Africa,ZAF,western cape,,,Windows-10-10.0.19045-SP0,3.11.7,3.2.6,16,AMD Ryzen 7 6800H with Radeon Graphics,0,,18.4129,-33.914,15.237815856933594,machine,4.0,0,84.29999999999998,12.846519088745117,N,1.0,0.0
2026-06-15T22:00:13,Laptop_CPU_Knowledge Retrieval_Run2,1ab5eaa6-be64-4e34-bdff-679a2c1256bb,5b0fa12a-3dd7-45bb-9766-cc326314d9f1,10.66505500000494,2.9634482846330323e-05,2.778652603884049e-06,12.924415325475,0.0,10.0,2.367744789737212e-05,0.0,1.819773805562161e-05,4.187518595299373e-05,0.0,South Africa,ZAF,western cape,,,Windows-10-10.0.19045-SP0,3.11.7,3.2.6,16,AMD Ryzen 7 6800H with Radeon Graphics,0,,18.4129,-33.914,15.237815856933594,machine,0.0,0,85.35555555555555,13.005171881781685,N,1.0,0.0
2026-06-15T22:00:29,Laptop_CPU_Knowledge Retrieval_Run3,abe44977-36be-4f52-949a-1619f1092afe,5b0fa12a-3dd7-45bb-9766-cc326314d9f1,10.552284999997935,2.5620761046355274e-05,2.42798228500844e-06,11.73029191875,0.0,10.0,1.964322809977729e-05,0.0,1.656034388886635e-05,3.620357198864366e-05,0.0,South Africa,ZAF,western cape,,,Windows-10-10.0.19045-SP0,3.11.7,3.2.6,16,AMD Ryzen 7 6800H with Radeon Graphics,0,,18.4129,-33.914,15.237815856933594,machine,0.0,0,84.89999999999999,12.939366817474363,N,1.0,0.0
2026-06-15T22:07:04,Laptop_CPU_Knowledge Retrieval_Run1,4327818d-d6c7-47c7-943c-efe9238f25cd,5b0fa12a-3dd7-45bb-9766-cc326314d9f1,13.92377700000361,3.2714943860669526e-05,2.349573959756828e-06,11.00668957321154,0.0,10.0,2.314821565209532e-05,0.0,2.307983444451465e-05,4.622805009660997e-05,0.0,South Africa,ZAF,western cape,,,Windows-10-10.0.19045-SP0,3.11.7,3.2.6,16,AMD Ryzen 7 6800H with Radeon Graphics,0,,18.4129,-33.914,15.237815856933594,machine,6.766666666666667,0,85.46666666666664,13.024467786153158,N,1.0,0.0
2026-06-15T22:07:21,Laptop_CPU_Knowledge Retrieval_Run2,094be30c-0076-40fb-996d-8946a31f32b4,5b0fa12a-3dd7-45bb-9766-cc326314d9f1,11.43382200000633,2.757198164106609e-05,2.41144051753218e-06,12.058064330175,0.0,10.0,2.1511847210664675e-05,0.0,1.744890888888525e-05,3.896075609954993e-05,0.0,South Africa,ZAF,western cape,,,Windows-10-10.0.19045-SP0,3.11.7,3.2.6,16,AMD Ryzen 7 6800H with Radeon Graphics,0,,18.4129,-33.914,15.237815856933594,machine,0.0,0,85.61111111111113,13.047347598605686,N,1.0,0.0
2026-06-15T22:07:39,Laptop_CPU_Knowledge Retrieval_Run3,9f293ad3-2c41-4437-8986-f2ff3abb91ef,5b0fa12a-3dd7-45bb-9766-cc326314d9f1,11.539715999999316,2.8700686841261346e-05,2.4871224596223203e-06,12.54313064925,0.0,10.0,2.279067011499093e-05,0.0,1.7765009722198656e-05,4.0555679837189575e-05,0.0,South Africa,ZAF,western cape,,,Windows-10-10.0.19045-SP0,3.11.7,3.2.6,16,AMD Ryzen 7 6800H with Radeon Graphics,0,,18.4129,-33.914,15.237815856933594,machine,0.0,0,85.65555555555555,13.049986097547745,N,1.0,0.0
2026-06-15T22:07:53,Laptop_CPU_Summarisation_Run1,c9b4d65b-ffaa-45af-989c-866e81f208a3,5b0fa12a-3dd7-45bb-9766-cc326314d9f1,8.508779700001469,2.117171400583224e-05,2.48821978618492e-06,11.959937236285716,0.0,10.0,1.624416571609613e-05,0.0,1.3672653333358338e-05,2.991681904945448e-05,0.0,South Africa,ZAF,western cape,,,Windows-10-10.0.19045-SP0,3.11.7,3.2.6,16,AMD Ryzen 7 6800H with Radeon Graphics,0,,18.4129,-33.914,15.237815856933594,machine,0.0,0,85.75,13.06373659769694,N,1.0,0.0
2026-06-15T22:08:05,Laptop_CPU_Summarisation_Run2,b74d0f0c-246f-4db8-9e96-5abab1278a13,5b0fa12a-3dd7-45bb-9766-cc326314d9f1,5.934252999999444,1.871774791393845e-05,3.154187715613103e-06,11.48580900765,0.0,10.0,1.427887652728868e-05,0.0,1.2170350833346471e-05,2.6449227360635155e-05,0.0,South Africa,ZAF,western cape,,,Windows-10-10.0.19045-SP0,3.11.7,3.2.6,16,AMD Ryzen 7 6800H with Radeon Graphics,0,,18.4129,-33.914,15.237815856933594,machine,0.0,0,85.57499999999999,13.038816452026367,N,1.0,0.0
2026-06-15T22:08:16,Laptop_CPU_Summarisation_Run3,15b08e84-e314-4835-8096-b802cb4fcb4a,5b0fa12a-3dd7-45bb-9766-cc326314d9f1,5.9410617999965325,1.985444566723258e-05,3.341901891551468e-06,13.0728895371,0.0,10.0,1.587746391287094e-05,0.0,1.2177981111098136e-05,2.805544502396908e-05,0.0,South Africa,ZAF,western cape,,,Windows-10-10.0.19045-SP0,3.11.7,3.2.6,16,AMD Ryzen 7 6800H with Radeon Graphics,0,,18.4129,-33.914,15.237815856933594,machine,0.0,0,85.77499999999999,13.06662368774414,N,1.0,0.0
2026-06-15T22:08:31,Laptop_CPU_Logical Reasoning_Run1,4453ed91-bd22-4c8c-ad4b-1013bf843555,5b0fa12a-3dd7-45bb-9766-cc326314d9f1,9.000767700010329,3.279798082562097e-05,3.6439092662710687e-06,17.341372465031252,0.0,10.0,3.0050579317548145e-05,0.0,1.629480666666091e-05,4.6345385984209056e-05,0.0,South Africa,ZAF,western cape,,,Windows-10-10.0.19045-SP0,3.11.7,3.2.6,16,AMD Ryzen 7 6800H with Radeon Graphics,0,,18.4129,-33.914,15.237815856933594,machine,13.271428571428572,0,86.5,13.182826450892858,N,1.0,0.0
2026-06-15T22:08:48,Laptop_CPU_Logical Reasoning_Run2,8814eade-2339-424a-9b0c-f9f64cabedd5,5b0fa12a-3dd7-45bb-9766-cc326314d9f1,11.189199700005702,3.292315536097906e-05,2.9424048407110195e-06,15.889664526300004,0.0,10.0,2.967405073268064e-05,0.0,1.684821388888749e-05,4.6522264621568127e-05,0.0,South Africa,ZAF,western cape,,,Windows-10-10.0.19045-SP0,3.11.7,3.2.6,16,AMD Ryzen 7 6800H with Radeon Graphics,0,,18.4129,-33.914,15.237815856933594,machine,0.0,0,86.52222222222221,13.1851200527615,N,1.0,0.0
2026-06-15T22:09:01,Laptop_CPU_Logical Reasoning_Run3,1675dd6d-d8c9-4902-b5be-51b345e537ca,5b0fa12a-3dd7-45bb-9766-cc326314d9f1,7.042727299995022,2.3603918538586223e-05,3.3515309528743087e-06,14.514067209375003,0.0,10.0,1.957488821276285e-05,0.0,1.3778772222212866e-05,3.3353660434975714e-05,0.0,South Africa,ZAF,western cape,,,Windows-10-10.0.19045-SP0,3.11.7,3.2.6,16,AMD Ryzen 7 6800H with Radeon Graphics,0,,18.4129,-33.914,15.237815856933594,machine,0.0,0,86.11999999999998,13.121781158447266,N,1.0,0.0
2026-06-15T22:09:30,Laptop_CPU_Mathematical Reasoning_Run1,0287cb98-a8ea-46a9-9ce2-1b39af6f5ae1,5b0fa12a-3dd7-45bb-9766-cc326314d9f1,22.70896129999892,5.526437385503595e-05,2.433593202478996e-06,12.420645373534091,0.0,10.0,4.3554196868126114e-05,0.0,3.4537462222255674e-05,7.809165909038182e-05,0.0,South Africa,ZAF,western cape,,,Windows-10-10.0.19045-SP0,3.11.7,3.2.6,16,AMD Ryzen 7 6800H with Radeon Graphics,0,,18.4129,-33.914,15.237815856933594,machine,0.0,0,86.10476190476187,13.1222779410226,N,1.0,0.0
2026-06-15T22:09:49,Laptop_CPU_Mathematical Reasoning_Run2,5e0a1558-2097-4003-881f-36f93517cebc,5b0fa12a-3dd7-45bb-9766-cc326314d9f1,13.870687999995424,4.28547104042136e-05,3.089587942878373e-06,15.865397260269235,0.0,10.0,3.773634156641777e-05,0.0,2.2819767222245e-05,6.055610878866276e-05,0.0,South Africa,ZAF,western cape,,,Windows-10-10.0.19045-SP0,3.11.7,3.2.6,16,AMD Ryzen 7 6800H with Radeon Graphics,0,,18.4129,-33.914,15.237815856933594,machine,8.333333333333334,0,86.21666666666665,13.137341499328612,N,1.0,0.0
2026-06-15T22:10:11,Laptop_CPU_Mathematical Reasoning_Run3,c03c1419-cdab-4f0d-b5e4-626142b5329e,5b0fa12a-3dd7-45bb-9766-cc326314d9f1,15.798400300001958,4.158620439309084e-05,2.6323047652543454e-06,13.2357326067,0.0,10.0,3.354101477718591e-05,0.0,2.5222623888961e-05,5.87636386661469e-05,0.0,South Africa,ZAF,western cape,,,Windows-10-10.0.19045-SP0,3.11.7,3.2.6,16,AMD Ryzen 7 6800H with Radeon Graphics,0,,18.4129,-33.914,15.237815856933594,machine,0.0,0,86.49999999999999,13.17963136945452,N,1.0,0.0
2026-06-15T22:10:52,Laptop_CPU_Code Generation_Run1,1af0bb81-78c2-4c07-9074-3935970ff256,5b0fa12a-3dd7-45bb-9766-cc326314d9f1,34.965933600004064,8.078623803053309e-05,2.310427027480361e-06,11.893684030345588,0.0,10.0,6.260138481064343e-05,0.0,5.155409944442606e-05,0.000114155484255,0.0,South Africa,ZAF,western cape,,,Windows-10-10.0.19045-SP0,3.11.7,3.2.6,16,AMD Ryzen 7 6800H with Radeon Graphics,0,,18.4129,-33.914,15.237815856933594,machine,1.3,0,85.59696969696974,13.040046460700758,N,1.0,0.0
2026-06-15T22:11:31,Laptop_CPU_Code Generation_Run2,88827241-0899-47d4-a5c1-5bd816ef2555,5b0fa12a-3dd7-45bb-9766-cc326314d9f1,33.077607300001546,0.0001005195596638,3.038900569566382e-06,18.66966268978125,0.0,10.0,9.298146089404348e-05,0.0,4.905831333332269e-05,0.0001420397742273,0.0,South Africa,ZAF,western cape,,,Windows-10-10.0.19045-SP0,3.11.7,3.2.6,16,AMD Ryzen 7 6800H with Radeon Graphics,0,,18.4129,-33.914,15.237815856933594,machine,2.729032258064516,0,87.4322580645161,13.323689737627584,N,1.0,0.0
2026-06-15T22:12:17,Laptop_CPU_Code Generation_Run3,adb6da63-2bd8-4867-828b-c73ed89a5f47,5b0fa12a-3dd7-45bb-9766-cc326314d9f1,40.97946810000576,0.0001192975736811,2.9111547614537702e-06,17.92308764694375,0.0,10.0,0.0001088630151379,0.0,5.971114583343377e-05,0.0001685741609713,0.0,South Africa,ZAF,western cape,,,Windows-10-10.0.19045-SP0,3.11.7,3.2.6,16,AMD Ryzen 7 6800H with Radeon Graphics,0,,18.4129,-33.914,15.237815856933594,machine,0.0,0,88.27435897435902,13.45110810108674,N,1.0,0.0
2026-06-15T22:16:14,Laptop_CPU_Knowledge Retrieval_Run1,3a697dc2-ad82-4af6-a6d6-d673ec818516,5b0fa12a-3dd7-45bb-9766-cc326314d9f1,11.882176600003731,3.367381734396354e-05,2.8339771809108583e-06,13.775272001795456,0.0,10.0,2.743808959532032e-05,0.0,2.014490249999249e-05,4.758299209531281e-05,0.0,South Africa,ZAF,western cape,,,Windows-10-10.0.19045-SP0,3.11.7,3.2.6,16,AMD Ryzen 7 6800H with Radeon Graphics,0,,18.4129,-33.914,15.237815856933594,machine,0.0,0,89.17,13.588721084594727,N,1.0,0.0
2026-06-15T22:16:31,Laptop_CPU_Knowledge Retrieval_Run2,9ef64a81-4702-4821-91b5-c670c0444677,5b0fa12a-3dd7-45bb-9766-cc326314d9f1,10.54553930000111,2.539286753341672e-05,2.407924982405977e-06,11.7697572045,0.0,10.0,1.944007206517301e-05,0.0,1.644147361104034e-05,3.588154567621334e-05,0.0,South Africa,ZAF,western cape,,,Windows-10-10.0.19045-SP0,3.11.7,3.2.6,16,AMD Ryzen 7 6800H with Radeon Graphics,0,,18.4129,-33.914,15.237815856933594,machine,0.0,0,88.52499999999999,13.487675189971924,N,1.0,0.0
2026-06-15T22:16:48,Laptop_CPU_Knowledge Retrieval_Run3,29c4fed3-49db-434d-9b79-cca3023ba9e7,5b0fa12a-3dd7-45bb-9766-cc326314d9f1,11.98740060000273,2.9708347249685787e-05,2.4782976928024766e-06,10.542485461909092,0.0,10.0,2.17709524411559e-05,0.0,2.0208608055569736e-05,4.197956049672565e-05,0.0,South Africa,ZAF,western cape,,,Windows-10-10.0.19045-SP0,3.11.7,3.2.6,16,AMD Ryzen 7 6800H with Radeon Graphics,0,,18.4129,-33.914,15.237815856933594,machine,0.0,0,88.68000000000002,13.512589263916016,N,1.0,0.0
2026-06-15T22:17:02,Laptop_CPU_Summarisation_Run1,191c8d10-6b92-41f8-b655-deda427ca93b,5b0fa12a-3dd7-45bb-9766-cc326314d9f1,7.467966999989585,2.148586973772627e-05,2.877070792861864e-06,14.212422038250002,0.0,10.0,1.8122128436475207e-05,0.0,1.2238610277765675e-05,3.036073871424088e-05,0.0,South Africa,ZAF,western cape,,,Windows-10-10.0.19045-SP0,3.11.7,3.2.6,16,AMD Ryzen 7 6800H with Radeon Graphics,0,,18.4129,-33.914,15.237815856933594,machine,0.0,0,88.84,13.538774108886718,N,1.0,0.0
2026-06-15T22:17:15,Laptop_CPU_Summarisation_Run2,53157bf5-9270-4491-83b6-76b9306eee93,5b0fa12a-3dd7-45bb-9766-cc326314d9f1,7.294193599998834,2.617954624644792e-05,3.589093967351251e-06,18.202047179625,0.0,10.0,2.5311418197970698e-05,0.0,1.1681748611105528e-05,3.699316680907623e-05,0.0,South Africa,ZAF,western cape,,,Windows-10-10.0.19045-SP0,3.11.7,3.2.6,16,AMD Ryzen 7 6800H with Radeon Graphics,0,,18.4129,-33.914,15.237815856933594,machine,0.0,0,90.08,13.7290771484375,N,1.0,0.0
2026-06-15T22:17:28,Laptop_CPU_Summarisation_Run3,f3a44838-06fe-4683-a077-f429c240a2cf,5b0fa12a-3dd7-45bb-9766-cc326314d9f1,7.395295100010117,2.793444469237699e-05,3.777326572449932e-06,19.553517694125,0.0,10.0,2.749552365982105e-05,0.0,1.1977413055582372e-05,3.947293671540343e-05,0.0,South Africa,ZAF,western cape,,,Windows-10-10.0.19045-SP0,3.11.7,3.2.6,16,AMD Ryzen 7 6800H with Radeon Graphics,0,,18.4129,-33.914,15.237815856933594,machine,0.0,0,90.86,13.848303985595702,N,1.0,0.0
2026-06-15T22:17:43,Laptop_CPU_Logical Reasoning_Run1,a6a82485-4114-45f4-a18e-ff8f0ff11e13,5b0fa12a-3dd7-45bb-9766-cc326314d9f1,9.249277700000675,2.4146281839512444e-05,2.610612701088073e-06,13.390041277687502,0.0,10.0,1.9895239913276693e-05,0.0,1.4224810277786068e-05,3.4120050191062764e-05,0.0,South Africa,ZAF,western cape,,,Windows-10-10.0.19045-SP0,3.11.7,3.2.6,16,AMD Ryzen 7 6800H with Radeon Graphics,0,,18.4129,-33.914,15.237815856933594,machine,0.0,0,90.32857142857142,13.764002118791852,N,1.0,0.0
2026-06-15T22:17:57,Laptop_CPU_Logical Reasoning_Run2,e3f50820-c182-449e-9925-c5f9dec22b82,5b0fa12a-3dd7-45bb-9766-cc326314d9f1,7.920947899998282,2.6097453661067623e-05,3.294738709375084e-06,14.40775659407143,0.0,10.0,2.210707427171463e-05,0.0,1.4770091111050632e-05,3.687716538276527e-05,0.0,South Africa,ZAF,western cape,,,Windows-10-10.0.19045-SP0,3.11.7,3.2.6,16,AMD Ryzen 7 6800H with Radeon Graphics,0,,18.4129,-33.914,15.237815856933594,machine,0.0,0,90.4,13.772357940673828,N,1.0,0.0
2026-06-15T22:18:15,Laptop_CPU_Logical Reasoning_Run3,e0edefc2-1bbb-4754-99e0-50ad94ac9752,5b0fa12a-3dd7-45bb-9766-cc326314d9f1,11.849154800001998,4.059583331016097e-05,3.4260530810310726e-06,18.078033252886364,0.0,10.0,3.743307379297346e-05,0.0,1.993111500002366e-05,5.736418879299712e-05,0.0,South Africa,ZAF,western cape,,,Windows-10-10.0.19045-SP0,3.11.7,3.2.6,16,AMD Ryzen 7 6800H with Radeon Graphics,0,,18.4129,-33.914,15.237815856933594,machine,8.75,0,90.92,13.852416229248046,N,1.0,0.0
2026-06-15T22:18:38,Laptop_CPU_Mathematical Reasoning_Run1,a05a56d0-0b87-4e84-b5d1-debf48da6d3f,5b0fa12a-3dd7-45bb-9766-cc326314d9f1,17.75167880000663,5.699029855009106e-05,3.210417402892045e-06,18.518425889029416,0.0,10.0,5.2702097739858834e-05,0.0,2.782838972222332e-05,8.053048746208214e-05,0.0,South Africa,ZAF,western cape,,,Windows-10-10.0.19045-SP0,3.11.7,3.2.6,16,AMD Ryzen 7 6800H with Radeon Graphics,0,,18.4129,-33.914,15.237815856933594,machine,0.0,0,89.69375000000001,13.66644811630249,N,1.0,0.0
2026-06-15T22:18:58,Laptop_CPU_Mathematical Reasoning_Run2,0c136d16-ff28-4c0d-9c62-3d9d1c122b08,5b0fa12a-3dd7-45bb-9766-cc326314d9f1,13.24833899999794,4.072464913356578e-05,3.0739437701263613e-06,19.8629382796875,0.0,10.0,3.804359277451049e-05,0.0,1.9502620000033248e-05,5.754621277454376e-05,0.0,South Africa,ZAF,western cape,,,Windows-10-10.0.19045-SP0,3.11.7,3.2.6,16,AMD Ryzen 7 6800H with Radeon Graphics,0,,18.4129,-33.914,15.237815856933594,machine,0.0,0,89.79090909090908,13.682194449684836,N,1.0,0.0
2026-06-15T22:19:17,Laptop_CPU_Mathematical Reasoning_Run3,04b3b429-4734-4a36-9c98-6c670b1c9912,5b0fa12a-3dd7-45bb-9766-cc326314d9f1,13.564061400000355,3.727140518522843e-05,2.747805696694019e-06,14.679192140437502,0.0,10.0,3.210070988675193e-05,0.0,2.056587555541935e-05,5.266658544217128e-05,0.0,South Africa,ZAF,western cape,,,Windows-10-10.0.19045-SP0,3.11.7,3.2.6,16,AMD Ryzen 7 6800H with Radeon Graphics,0,,18.4129,-33.914,15.237815856933594,machine,0.0,0,89.63636363636364,13.656348488547586,N,1.0,0.0
2026-06-15T22:20:03,Laptop_CPU_Code Generation_Run1,fc9dcfdf-c6e0-4a9c-91ec-8187a0759552,5b0fa12a-3dd7-45bb-9766-cc326314d9f1,40.42285780000384,0.0001012613241032,2.505051092732499e-06,14.761615580826923,0.0,10.0,8.623269647288781e-05,0.0,5.685523250023027e-05,0.0001430879289731,0.0,South Africa,ZAF,western cape,,,Windows-10-10.0.19045-SP0,3.11.7,3.2.6,16,AMD Ryzen 7 6800H with Radeon Graphics,0,,18.4129,-33.914,15.237815856933594,machine,0.0,0,88.20263157894735,13.438783043309265,N,1.0,0.0
2026-06-15T22:20:45,Laptop_CPU_Code Generation_Run2,4981b462-111a-4876-8cfe-91a814552281,5b0fa12a-3dd7-45bb-9766-cc326314d9f1,35.55726400000276,9.26873751854705e-05,2.606707174811406e-06,15.373787917632356,0.0,10.0,8.048605866395877e-05,0.0,5.048639972220475e-05,0.0001309724583861,0.0,South Africa,ZAF,western cape,,,Windows-10-10.0.19045-SP0,3.11.7,3.2.6,16,AMD Ryzen 7 6800H with Radeon Graphics,0,,18.4129,-33.914,15.237815856933594,machine,0.0,0,64.23030303030305,9.787463679458156,N,1.0,0.0
2026-06-15T22:21:30,Laptop_CPU_Code Generation_Run3,5bb06e33-4763-499b-b96a-cf48997af71b,5b0fa12a-3dd7-45bb-9766-cc326314d9f1,39.6370137000049,9.774816311226698e-05,2.4660829358154924e-06,14.414722652842103,0.0,10.0,8.198668744426906e-05,0.0,5.613694805546807e-05,0.0001381236354997,0.0,South Africa,ZAF,western cape,,,Windows-10-10.0.19045-SP0,3.11.7,3.2.6,16,AMD Ryzen 7 6800H with Radeon Graphics,0,,18.4129,-33.914,15.237815856933594,machine,0.0,0,67.99999999999997,10.359733684642896,N,1.0,0.0
2026-06-15T22:39:45,Laptop_CPU_Knowledge Retrieval_Run1,ab45409e-f1a4-466a-8b9d-e2c66b737aea,5b0fa12a-3dd7-45bb-9766-cc326314d9f1,12.685715500003424,2.8862885274631964e-05,2.2752272250330832e-06,10.551328732125,0.0,10.0,1.986725142965973e-05,0.0,2.091762388881761e-05,4.078487531847735e-05,0.0,South Africa,ZAF,western cape,,,Windows-10-10.0.19045-SP0,3.11.7,3.2.6,16,AMD Ryzen 7 6800H with Radeon Graphics,0,,18.4129,-33.914,15.237815856933594,machine,0.0,0,84.56363636363636,12.882388375022195,N,1.0,0.0
2026-06-15T22:50:49,Laptop_CPU_Knowledge Retrieval_Run1,b93ec6fd-41e4-42f7-a121-f9e498ecddab,5b0fa12a-3dd7-45bb-9766-cc326314d9f1,11.721110399987085,2.7222078151049435e-05,2.32248287253394e-06,10.777048796863635,0.0,10.0,1.875281118148852e-05,0.0,1.9713511666567584e-05,3.84663228480561e-05,0.0,South Africa,ZAF,western cape,,,Windows-10-10.0.19045-SP0,3.11.7,3.2.6,16,AMD Ryzen 7 6800H with Radeon Graphics,0,,18.4129,-33.914,15.237815856933594,machine,0.0,0,85.28999999999999,12.996871948242188,N,1.0,0.0
2026-06-15T22:51:05,Laptop_CPU_Knowledge Retrieval_Run2,49d01909-86c3-402c-bfad-39daa619009f,5b0fa12a-3dd7-45bb-9766-cc326314d9f1,10.807135399998517,2.857413945528442e-05,2.644006797147036e-06,11.590343010900002,0.0,10.0,2.1768189895988297e-05,0.0,1.8608671388938093e-05,4.037686128492639e-05,0.0,South Africa,ZAF,western cape,,,Windows-10-10.0.19045-SP0,3.11.7,3.2.6,16,AMD Ryzen 7 6800H with Radeon Graphics,0,,18.4129,-33.914,15.237815856933594,machine,0.0,0,86.24444444444445,13.142381032307943,N,1.0,0.0
2026-06-15T22:51:23,Laptop_CPU_Knowledge Retrieval_Run3,947efd45-b249-488e-94bf-21ee0419f835,5b0fa12a-3dd7-45bb-9766-cc326314d9f1,12.518771000002744,3.251028944575395e-05,2.5969234077168456e-06,13.973488988727276,0.0,10.0,2.680947415498418e-05,0.0,1.912938777778537e-05,4.593886193276955e-05,0.0,South Africa,ZAF,western cape,,,Windows-10-10.0.19045-SP0,3.11.7,3.2.6,16,AMD Ryzen 7 6800H with Radeon Graphics,0,,18.4129,-33.914,15.237815856933594,machine,0.0,0,86.76,13.219114303588867,N,1.0,0.0
2026-06-15T22:51:37,Laptop_CPU_Summarisation_Run1,dbe8aafb-720b-4c65-8326-10731a13472c,5b0fa12a-3dd7-45bb-9766-cc326314d9f1,8.87835329999507,3.0378955942623907e-05,3.421688112213419e-06,15.92133277078125,0.0,10.0,2.68275659605846e-05,0.0,1.6099602222230816e-05,4.292716818281541e-05,0.0,South Africa,ZAF,western cape,,,Windows-10-10.0.19045-SP0,3.11.7,3.2.6,16,AMD Ryzen 7 6800H with Radeon Graphics,0,,18.4129,-33.914,15.237815856933594,machine,11.6,0,87.91428571428571,13.393165043422156,N,1.0,0.0
2026-06-15T22:51:51,Laptop_CPU_Summarisation_Run2,dda8c2ce-72b8-42d8-95cc-7c893b68c47b,5b0fa12a-3dd7-45bb-9766-cc326314d9f1,8.13935370001127,2.1339003207197583e-05,2.6217073239080445e-06,13.979646382821429,0.0,10.0,1.762022390473072e-05,0.0,1.253298416664216e-05,3.015320807137288e-05,0.0,South Africa,ZAF,western cape,,,Windows-10-10.0.19045-SP0,3.11.7,3.2.6,16,AMD Ryzen 7 6800H with Radeon Graphics,0,,18.4129,-33.914,15.237815856933594,machine,0.0,0,87.71666666666665,13.370931625366213,N,1.0,0.0
2026-06-15T22:52:04,Laptop_CPU_Summarisation_Run3,52da2d2b-747d-49ff-b11e-ea3821891d66,5b0fa12a-3dd7-45bb-9766-cc326314d9f1,7.536753799999133,2.403776665674062e-05,3.1894058496037624e-06,13.21674396814286,0.0,10.0,2.0229709930810057e-05,0.0,1.3737002222236088e-05,3.396671215304615e-05,0.0,South Africa,ZAF,western cape,,,Windows-10-10.0.19045-SP0,3.11.7,3.2.6,16,AMD Ryzen 7 6800H with Radeon Graphics,0,,18.4129,-33.914,15.237815856933594,machine,0.0,0,87.52000000000001,13.338162231445311,N,1.0,0.0
2026-06-15T22:52:22,Laptop_CPU_Logical Reasoning_Run1,a0770a20-8fef-4a76-a485-cb10d8340d82,5b0fa12a-3dd7-45bb-9766-cc326314d9f1,11.645567700004904,3.859435406380017e-05,3.3140809497663145e-06,16.97612383840909,0.0,10.0,3.507014722252591e-05,0.0,1.946583916663561e-05,5.4535986389161525e-05,0.0,South Africa,ZAF,western cape,,,Windows-10-10.0.19045-SP0,3.11.7,3.2.6,16,AMD Ryzen 7 6800H with Radeon Graphics,0,,18.4129,-33.914,15.237815856933594,machine,0.0,0,88.41,13.472467041015625,N,1.0,0.0
2026-06-15T22:52:39,Laptop_CPU_Logical Reasoning_Run2,805199a2-9d40-47c1-8d01-f22e436a6838,5b0fa12a-3dd7-45bb-9766-cc326314d9f1,10.774150999990525,3.680445609547842e-05,3.415995942094258e-06,18.448168472775,0.0,10.0,3.357295158395955e-05,0.0,1.843380861120952e-05,5.200676019516907e-05,0.0,South Africa,ZAF,western cape,,,Windows-10-10.0.19045-SP0,3.11.7,3.2.6,16,AMD Ryzen 7 6800H with Radeon Graphics,0,,18.4129,-33.914,15.237815856933594,machine,0.0,0,88.61111111111111,13.503678215874563,N,1.0,0.0
2026-06-15T22:52:52,Laptop_CPU_Logical Reasoning_Run3,dcc4b1e9-621c-40f3-893f-d55c3d82def8,5b0fa12a-3dd7-45bb-9766-cc326314d9f1,8.000466299999971,2.7202502131792697e-05,3.400114582295384e-06,15.424609022035714,0.0,10.0,2.337210139072849e-05,0.0,1.5066559444433856e-05,3.843866083516234e-05,0.0,South Africa,ZAF,western cape,,,Windows-10-10.0.19045-SP0,3.11.7,3.2.6,16,AMD Ryzen 7 6800H with Radeon Graphics,0,,18.4129,-33.914,15.237815856933594,machine,0.0,0,86.53333333333332,13.18484878540039,N,1.0,0.0
2026-06-15T22:53:18,Laptop_CPU_Mathematical Reasoning_Run1,5a019e45-8e53-495d-9ffd-5a0a369657dd,5b0fa12a-3dd7-45bb-9766-cc326314d9f1,19.812801199994283,5.643930292322917e-05,2.8486281345842934e-06,15.480481826131578,0.0,10.0,4.897883724533256e-05,0.0,3.077306250007597e-05,7.97518997454085e-05,0.0,South Africa,ZAF,western cape,,,Windows-10-10.0.19045-SP0,3.11.7,3.2.6,16,AMD Ryzen 7 6800H with Radeon Graphics,0,,18.4129,-33.914,15.237815856933594,machine,0.0,0,86.94444444444444,13.247607549031576,N,1.0,0.0
2026-06-15T22:53:40,Laptop_CPU_Mathematical Reasoning_Run2,483a73de-85bd-4d22-ad63-35f3427ab002,5b0fa12a-3dd7-45bb-9766-cc326314d9f1,15.836194400006208,4.856590011151192e-05,3.066765845681516e-06,17.360621548200005,0.0,10.0,4.316395342136315e-05,0.0,2.546238666663056e-05,6.862634008799371e-05,0.0,South Africa,ZAF,western cape,,,Windows-10-10.0.19045-SP0,3.11.7,3.2.6,16,AMD Ryzen 7 6800H with Radeon Graphics,0,,18.4129,-33.914,15.237815856933594,machine,7.142857142857143,0,87.47857142857141,13.328610828944615,N,1.0,0.0
2026-06-15T22:53:57,Laptop_CPU_Mathematical Reasoning_Run3,fb40c5b6-e9a6-43f6-a275-0444b9931285,5b0fa12a-3dd7-45bb-9766-cc326314d9f1,10.964599900005853,3.2842312175682455e-05,2.9953042040015458e-06,14.640867023175002,0.0,10.0,2.7403320889831364e-05,0.0,1.900470777780154e-05,4.64080286676329e-05,0.0,South Africa,ZAF,western cape,,,Windows-10-10.0.19045-SP0,3.11.7,3.2.6,16,AMD Ryzen 7 6800H with Radeon Graphics,0,,18.4129,-33.914,15.237815856933594,machine,0.0,0,87.34444444444443,13.310201856825088,N,1.0,0.0
2026-06-15T22:54:43,Laptop_CPU_Code Generation_Run1,73c575a7-8c46-42fb-bfcc-377695efc2da,5b0fa12a-3dd7-45bb-9766-cc326314d9f1,40.22859210000024,0.0001012242956384,2.516227646914254e-06,14.01591199448077,0.0,10.0,8.3939039842834e-05,0.0,5.909656583321015e-05,0.000143035605676,0.0,South Africa,ZAF,western cape,,,Windows-10-10.0.19045-SP0,3.11.7,3.2.6,16,AMD Ryzen 7 6800H with Radeon Graphics,0,,18.4129,-33.914,15.237815856933594,machine,1.973684210526316,0,87.29999999999998,13.301774577090615,N,1.0,0.0
2026-06-15T22:55:27,Laptop_CPU_Code Generation_Run2,bf130680-75b8-4e32-af08-4cd541e55058,5b0fa12a-3dd7-45bb-9766-cc326314d9f1,38.045161500005634,9.963702302451248e-05,2.6189144452573216e-06,15.207491812864868,0.0,10.0,8.494418074738888e-05,0.0,5.584851972218735e-05,0.0001407927004695,0.0,South Africa,ZAF,western cape,,,Windows-10-10.0.19045-SP0,3.11.7,3.2.6,16,AMD Ryzen 7 6800H with Radeon Graphics,0,,18.4129,-33.914,15.237815856933594,machine,0.0,0,86.99444444444447,13.257107310824924,N,1.0,0.0
2026-06-15T22:56:09,Laptop_CPU_Code Generation_Run3,7c7a2dd5-5726-43fd-a599-4b9b381f653e,5b0fa12a-3dd7-45bb-9766-cc326314d9f1,36.240252100004,9.93206332651598e-05,2.740616510919604e-06,16.014788040278574,0.0,10.0,8.672075260978115e-05,0.0,5.3624871388941154e-05,0.0001403456239987,0.0,South Africa,ZAF,western cape,,,Windows-10-10.0.19045-SP0,3.11.7,3.2.6,16,AMD Ryzen 7 6800H with Radeon Graphics,0,,18.4129,-33.914,15.237815856933594,machine,0.0,0,86.35588235294118,13.15797929202809,N,1.0,0.0
2026-06-15T23:06:38,Laptop_CPU_Knowledge Retrieval_Run1,c5c41fae-e8cf-4042-bad6-a06790c86cef,5b0fa12a-3dd7-45bb-9766-cc326314d9f1,11.2071283999976,3.287621329168783e-05,2.933509112976244e-06,16.634281389074996,0.0,10.0,2.953796395659051e-05,0.0,1.6917968888891563e-05,4.645593284548208e-05,0.0,South Africa,ZAF,western cape,,,Windows-10-10.0.19045-SP0,3.11.7,3.2.6,16,AMD Ryzen 7 6800H with Radeon Graphics,0,,18.4129,-33.914,15.237815856933594,machine,0.0,0,83.68888888888888,12.751981947157118,N,1.0,0.0
2026-06-15T23:06:57,Laptop_CPU_Knowledge Retrieval_Run2,565da2d6-2032-44bd-9140-4cd5cc09384a,5b0fa12a-3dd7-45bb-9766-cc326314d9f1,13.157875000004424,3.45561235895933e-05,2.6262693322122058e-06,14.314109439937498,0.0,10.0,2.942615890498421e-05,0.0,1.9403581388865453e-05,4.882974029384966e-05,0.0,South Africa,ZAF,western cape,,,Windows-10-10.0.19045-SP0,3.11.7,3.2.6,16,AMD Ryzen 7 6800H with Radeon Graphics,0,,18.4129,-33.914,15.237815856933594,machine,6.490909090909091,0,84.25454545454546,12.838170485063031,N,1.0,0.0
2026-06-15T23:07:16,Laptop_CPU_Knowledge Retrieval_Run3,6f22dbf7-a2a8-4206-b065-0eee3e855e43,5b0fa12a-3dd7-45bb-9766-cc326314d9f1,13.58293999999296,3.546270758018146e-05,2.610827080160837e-06,13.8178648400625,0.0,10.0,2.945401986298413e-05,0.0,2.0656774444351964e-05,5.0110794307336105e-05,0.0,South Africa,ZAF,western cape,,,Windows-10-10.0.19045-SP0,3.11.7,3.2.6,16,AMD Ryzen 7 6800H with Radeon Graphics,0,,18.4129,-33.914,15.237815856933594,machine,0.0,0,84.20000000000002,12.826623743230646,N,1.0,0.0
2026-06-15T23:07:32,Laptop_CPU_Summarisation_Run1,39613b69-f7fb-4085-b1c4-69e711882d70,5b0fa12a-3dd7-45bb-9766-cc326314d9f1,9.896586000002571,2.7419586087423584e-05,2.7706106012130305e-06,12.505148406,0.0,10.0,2.125710124813085e-05,0.0,1.7488311388862916e-05,3.874541263699378e-05,0.0,South Africa,ZAF,western cape,,,Windows-10-10.0.19045-SP0,3.11.7,3.2.6,16,AMD Ryzen 7 6800H with Radeon Graphics,0,,18.4129,-33.914,15.237815856933594,machine,0.0,0,84.575,12.891361236572266,N,1.0,0.0
2026-06-15T23:07:45,Laptop_CPU_Summarisation_Run2,15d8f554-cd00-4072-a28f-90483a9338f5,5b0fa12a-3dd7-45bb-9766-cc326314d9f1,7.506911400007084,2.065092641172404e-05,2.7509218254133843e-06,13.100610466125,0.0,10.0,1.684437364358651e-05,0.0,1.2336543333327022e-05,2.918091697691353e-05,0.0,South Africa,ZAF,western cape,,,Windows-10-10.0.19045-SP0,3.11.7,3.2.6,16,AMD Ryzen 7 6800H with Radeon Graphics,0,,18.4129,-33.914,15.237815856933594,machine,0.0,0,84.64,12.899183654785157,N,1.0,0.0
2026-06-15T23:07:59,Laptop_CPU_Summarisation_Run3,421884e4-00f6-4b76-a07b-2d25c7fdd104,5b0fa12a-3dd7-45bb-9766-cc326314d9f1,7.834857099995133,2.410838084222583e-05,3.0770670778718862e-06,13.30787376225,0.0,10.0,1.9463230345633186e-05,0.0,1.4603263611045098e-05,3.406649395667828e-05,0.0,South Africa,ZAF,western cape,,,Windows-10-10.0.19045-SP0,3.11.7,3.2.6,16,AMD Ryzen 7 6800H with Radeon Graphics,0,,18.4129,-33.914,15.237815856933594,machine,0.0,0,84.08333333333333,12.815059661865234,N,1.0,0.0
2026-06-15T23:08:19,Laptop_CPU_Logical Reasoning_Run1,003d7faf-4ef0-4f10-9df6-f4fbeed6a40a,5b0fa12a-3dd7-45bb-9766-cc326314d9f1,13.681490400005714,3.720062025173859e-05,2.719047352598592e-06,13.537989710134616,0.0,10.0,3.0292099028623288e-05,0.0,2.2274463333411e-05,5.256656236203428e-05,0.0,South Africa,ZAF,western cape,,,Windows-10-10.0.19045-SP0,3.11.7,3.2.6,16,AMD Ryzen 7 6800H with Radeon Graphics,0,,18.4129,-33.914,15.237815856933594,machine,6.816666666666666,0,84.19166666666668,12.830059051513672,N,1.0,0.0
2026-06-15T23:08:32,Laptop_CPU_Logical Reasoning_Run2,dd03f3f5-78e2-4056-ab3e-770a575ccd8e,5b0fa12a-3dd7-45bb-9766-cc326314d9f1,7.328107000008458,1.9413308706166047e-05,2.6491573753144763e-06,12.673929729375,0.0,10.0,1.5684239873250363e-05,0.0,1.1747853888906923e-05,2.743209376215729e-05,0.0,South Africa,ZAF,western cape,,,Windows-10-10.0.19045-SP0,3.11.7,3.2.6,16,AMD Ryzen 7 6800H with Radeon Graphics,0,,18.4129,-33.914,15.237815856933594,machine,0.0,0,84.58,12.885015869140624,N,1.0,0.0
2026-06-15T23:08:53,Laptop_CPU_Logical Reasoning_Run3,cf275f2b-1ea6-490c-be4c-68415fe712a9,5b0fa12a-3dd7-45bb-9766-cc326314d9f1,14.989036099999794,4.454458011381671e-05,2.9718108500530813e-06,15.88445026007143,0.0,10.0,3.841875722200605e-05,0.0,2.452523222220609e-05,6.294398944421213e-05,0.0,South Africa,ZAF,western cape,,,Windows-10-10.0.19045-SP0,3.11.7,3.2.6,16,AMD Ryzen 7 6800H with Radeon Graphics,0,,18.4129,-33.914,15.237815856933594,machine,0.0,0,84.52307692307694,12.880072080172026,N,1.0,0.0
2026-06-15T23:09:15,Laptop_CPU_Mathematical Reasoning_Run1,36b188f6-be88-4e02-99f9-38f1b2c9c27a,5b0fa12a-3dd7-45bb-9766-cc326314d9f1,17.279499700001907,4.3086812936300335e-05,2.4935220165139145e-06,13.598517962250002,0.0,10.0,3.573966351457687e-05,0.0,2.5144419166584463e-05,6.088408268116133e-05,0.0,South Africa,ZAF,western cape,,,Windows-10-10.0.19045-SP0,3.11.7,3.2.6,16,AMD Ryzen 7 6800H with Radeon Graphics,0,,18.4129,-33.914,15.237815856933594,machine,0.0,0,84.65333333333336,12.900662485758463,N,1.0,0.0
2026-06-15T23:09:39,Laptop_CPU_Mathematical Reasoning_Run2,8ca4ade9-0141-401e-8770-e9dce305336f,5b0fa12a-3dd7-45bb-9766-cc326314d9f1,18.6691748000012,4.653075925786425e-05,2.492384358512796e-06,13.517061029338238,0.0,10.0,3.81087225011341e-05,0.0,2.7641849444424023e-05,6.575057194555813e-05,0.0,South Africa,ZAF,western cape,,,Windows-10-10.0.19045-SP0,3.11.7,3.2.6,16,AMD Ryzen 7 6800H with Radeon Graphics,0,,18.4129,-33.914,15.237815856933594,machine,0.0,0,84.8125,12.924888134002686,N,1.0,0.0
2026-06-15T23:09:56,Laptop_CPU_Mathematical Reasoning_Run3,5280c8bc-1fe7-4f11-885a-5c8ae39a876e,5b0fa12a-3dd7-45bb-9766-cc326314d9f1,11.321213200004422,2.9739364698314643e-05,2.6268708284994604e-06,13.433247990900004,0.0,10.0,2.485504211304997e-05,0.0,1.7168347777826257e-05,4.202338989087624e-05,0.0,South Africa,ZAF,western cape,,,Windows-10-10.0.19045-SP0,3.11.7,3.2.6,16,AMD Ryzen 7 6800H with Radeon Graphics,0,,18.4129,-33.914,15.237815856933594,machine,11.11111111111111,0,84.73333333333335,12.910911136203342,N,1.0,0.0
2026-06-15T23:10:38,Laptop_CPU_Code Generation_Run1,7dab1e82-20c7-457e-a490-6d0c5411259a,5b0fa12a-3dd7-45bb-9766-cc326314d9f1,35.90806669999438,8.820052159104461e-05,2.456287115871332e-06,13.375355194928572,0.0,10.0,7.188788516622561e-05,0.0,5.274439750016124e-05,0.0001246322826663,0.0,South Africa,ZAF,western cape,,,Windows-10-10.0.19045-SP0,3.11.7,3.2.6,16,AMD Ryzen 7 6800H with Radeon Graphics,0,,18.4129,-33.914,15.237815856933594,machine,0.0,0,83.77058823529413,12.76295482411104,N,1.0,0.0
2026-06-15T23:11:17,Laptop_CPU_Code Generation_Run2,8bf39010-f4ff-47df-944a-81b8bc111e8d,5b0fa12a-3dd7-45bb-9766-cc326314d9f1,33.53969619999407,8.779214755893061e-05,2.617559414832927e-06,15.837239109304688,0.0,10.0,7.65558417048768e-05,0.0,4.749938555542029e-05,0.0001240552272602,0.0,South Africa,ZAF,western cape,,,Windows-10-10.0.19045-SP0,3.11.7,3.2.6,16,AMD Ryzen 7 6800H with Radeon Graphics,0,,18.4129,-33.914,15.237815856933594,machine,3.225806451612903,0,82.5225806451613,12.575713619109123,N,1.0,0.0
2026-06-15T23:12:00,Laptop_CPU_Code Generation_Run3,a1b010c2-5bfb-44bd-b617-f2b497fd2f99,5b0fa12a-3dd7-45bb-9766-cc326314d9f1,38.31608580000466,9.99342691452303e-05,2.608154435890165e-06,16.0265857077973,0.0,10.0,8.765549146135012e-05,0.0,5.3557234444249634e-05,0.0001412127259055,0.0,South Africa,ZAF,western cape,,,Windows-10-10.0.19045-SP0,3.11.7,3.2.6,16,AMD Ryzen 7 6800H with Radeon Graphics,0,,18.4129,-33.914,15.237815856933594,machine,4.4,0,83.37222222222223,12.704976081848145,N,1.0,0.0
2026-08-19T01:34:23,AMD Ryzen 7 6800H_Knowledge Retrieval_Warmup,7465f2ce-9c0e-427a-9e9f-8510adba8fac,5b0fa12a-3dd7-45bb-9766-cc326314d9f1,13.943972599999997,3.5336950126055444e-05,2.5342096646156245e-06,12.880146311826923,0.0,10.0,2.6813768639738726e-05,0.0,2.3119323333333283e-05,4.993309197307202e-05,0.0,South Africa,ZAF,western cape,,,Windows-10-10.0.19045-SP0,3.11.7,3.2.6,16,AMD Ryzen 7 6800H with Radeon Graphics,0,,18.4259,-33.9258,15.237815856933594,machine,0.0,0,59.53333333333333,9.073870340983072,N,1.0,0.0
2026-08-19T01:34:35,AMD Ryzen 7 6800H_Knowledge Retrieval_Measured_1,3fd75de1-2703-4b72-b2a4-176e670d24c4,5b0fa12a-3dd7-45bb-9766-cc326314d9f1,10.981691899999989,2.8514473034874748e-05,2.5965464424361404e-06,11.353803887025,0.0,10.0,2.1247041231663285e-05,0.0,1.904550805555556e-05,4.029254928721883e-05,0.0,South Africa,ZAF,western cape,,,Windows-10-10.0.19045-SP0,3.11.7,3.2.6,16,AMD Ryzen 7 6800H with Radeon Graphics,0,,18.4259,-33.9258,15.237815856933594,machine,0.0,0,60.27777777777778,9.181008232964407,N,1.0,0.0
2026-08-19T01:34:45,AMD Ryzen 7 6800H_Knowledge Retrieval_Measured_2,460ffd9a-9d70-4aef-8159-417531e0c7f1,5b0fa12a-3dd7-45bb-9766-cc326314d9f1,10.202138899999994,2.5657034838230352e-05,2.5148682143732005e-06,12.9927929445,0.0,10.0,2.0746624168317327e-05,0.0,1.5508204722222198e-05,3.625482889053952e-05,0.0,South Africa,ZAF,western cape,,,Windows-10-10.0.19045-SP0,3.11.7,3.2.6,16,AMD Ryzen 7 6800H with Radeon Graphics,0,,18.4259,-33.9258,15.237815856933594,machine,0.0,0,61.4625,9.365392684936523,N,1.0,0.0
2026-08-19T01:34:57,AMD Ryzen 7 6800H_Knowledge Retrieval_Measured_3,7fc755ec-48ce-4237-859c-04f7c5744b18,5b0fa12a-3dd7-45bb-9766-cc326314d9f1,11.170167600000012,2.712181881319012e-05,2.428058359051845e-06,12.1401362538,0.0,10.0,2.1457272448496555e-05,0.0,1.686737833333341e-05,3.832465078182996e-05,0.0,South Africa,ZAF,western cape,,,Windows-10-10.0.19045-SP0,3.11.7,3.2.6,16,AMD Ryzen 7 6800H with Radeon Graphics,0,,18.4259,-33.9258,15.237815856933594,machine,0.0,0,61.57777777777778,9.38200208875868,N,1.0,0.0
2026-08-19T01:35:07,AMD Ryzen 7 6800H_Summarisation_Warmup,7a321244-9cd9-4fa6-9045-16a8801f9e50,5b0fa12a-3dd7-45bb-9766-cc326314d9f1,9.423781099999983,2.3261981416170025e-05,2.4684339724497698e-06,12.08881141059375,0.0,10.0,1.806629632982083e-05,0.0,1.4804187777777776e-05,3.28704841075986e-05,0.0,South Africa,ZAF,western cape,,,Windows-10-10.0.19045-SP0,3.11.7,3.2.6,16,AMD Ryzen 7 6800H with Radeon Graphics,0,,18.4259,-33.9258,15.237815856933594,machine,0.0,0,61.31428571428573,9.34352547781808,N,1.0,0.0
2026-08-19T01:35:15,AMD Ryzen 7 6800H_Summarisation_Measured_1,9a54272b-c3e8-42c9-9aba-f10ab8d8d3f4,5b0fa12a-3dd7-45bb-9766-cc326314d9f1,6.841912100000002,2.160522728594483e-05,3.1577762137494904e-06,12.807361198125,0.0,10.0,1.7176891233707636e-05,0.0,1.335250638888886e-05,3.05293976225965e-05,0.0,South Africa,ZAF,western cape,,,Windows-10-10.0.19045-SP0,3.11.7,3.2.6,16,AMD Ryzen 7 6800H with Radeon Graphics,0,,18.4259,-33.9258,15.237815856933594,machine,0.0,0,60.96,9.29029541015625,N,1.0,0.0
2026-08-19T01:35:22,AMD Ryzen 7 6800H_Summarisation_Measured_2,8d7429e7-f8df-42b8-bc06-ca2f59eb6c61,5b0fa12a-3dd7-45bb-9766-cc326314d9f1,6.188772400000005,1.6541473090421875e-05,2.672819748617975e-06,12.95455171365,0.0,10.0,1.3262359838318349e-05,0.0,1.0111669166666736e-05,2.3374029004985087e-05,0.0,South Africa,ZAF,western cape,,,Windows-10-10.0.19045-SP0,3.11.7,3.2.6,16,AMD Ryzen 7 6800H with Radeon Graphics,0,,18.4259,-33.9258,15.237815856933594,machine,0.0,0,61.1,9.30626106262207,N,1.0,0.0
2026-08-19T01:35:30,AMD Ryzen 7 6800H_Summarisation_Measured_3,f7b3614f-5adf-4455-aa99-f35ad5a96286,5b0fa12a-3dd7-45bb-9766-cc326314d9f1,7.297295200000008,2.092849693273396e-05,2.867980033579283e-06,15.37911709425,0.0,10.0,1.7849649131726668e-05,0.0,1.1723490555555496e-05,2.957313968728216e-05,0.0,South Africa,ZAF,western cape,,,Windows-10-10.0.19045-SP0,3.11.7,3.2.6,16,AMD Ryzen 7 6800H with Radeon Graphics,0,,18.4259,-33.9258,15.237815856933594,machine,0.0,0,61.1,9.310526275634766,N,1.0,0.0
2026-08-19T01:35:40,AMD Ryzen 7 6800H_Logical Reasoning_Warmup,6ddc39a0-af29-4e8c-a39b-194380208a2e,5b0fa12a-3dd7-45bb-9766-cc326314d9f1,8.745374700000013,2.8662349022249908e-05,3.27742949907565e-06,15.17266888678125,0.0,10.0,2.475450023810296e-05,0.0,1.5747006111111105e-05,4.050150634921407e-05,0.0,South Africa,ZAF,western cape,,,Windows-10-10.0.19045-SP0,3.11.7,3.2.6,16,AMD Ryzen 7 6800H with Radeon Graphics,0,,18.4259,-33.9258,15.237815856933594,machine,0.0,0,63.385714285714286,9.655525207519531,N,1.0,0.0
2026-08-19T01:35:48,AMD Ryzen 7 6800H_Logical Reasoning_Measured_1,d31fbd4c-fa3f-4ede-a6fb-c93d5a7ea86c,5b0fa12a-3dd7-45bb-9766-cc326314d9f1,7.160594000000003,1.975567800510042e-05,2.7589440212781803e-06,13.889879427375002,0.0,10.0,1.653725105696586e-05,0.0,1.13786297222221e-05,2.791588077918797e-05,0.0,South Africa,ZAF,western cape,,,Windows-10-10.0.19045-SP0,3.11.7,3.2.6,16,AMD Ryzen 7 6800H with Radeon Graphics,0,,18.4259,-33.9258,15.237815856933594,machine,0.0,0,63.4,9.665608215332032,N,1.0,0.0
2026-08-19T01:35:54,AMD Ryzen 7 6800H_Logical Reasoning_Measured_2,a3e98872-5bad-4e1f-ae27-a59c0485c705,5b0fa12a-3dd7-45bb-9766-cc326314d9f1,6.126606400000014,1.7370612873112714e-05,2.835274822471486e-06,12.49840949625,0.0,10.0,1.4701250010191905e-05,0.0,9.844400000000065e-06,2.454565001019197e-05,0.0,South Africa,ZAF,western cape,,,Windows-10-10.0.19045-SP0,3.11.7,3.2.6,16,AMD Ryzen 7 6800H with Radeon Graphics,0,,18.4259,-33.9258,15.237815856933594,machine,0.0,0,63.5,9.673786163330078,N,1.0,0.0
2026-08-19T01:36:03,AMD Ryzen 7 6800H_Logical Reasoning_Measured_3,043f2d9e-3061-406f-be25-a56cce5ca907,5b0fa12a-3dd7-45bb-9766-cc326314d9f1,7.428727999999978,2.1494433280868216e-05,2.8934204187942106e-06,14.64280195725,0.0,10.0,1.8284878091994207e-05,0.0,1.2087961388888855e-05,3.037283948088307e-05,0.0,South Africa,ZAF,western cape,,,Windows-10-10.0.19045-SP0,3.11.7,3.2.6,16,AMD Ryzen 7 6800H with Radeon Graphics,0,,18.4259,-33.9258,15.237815856933594,machine,0.0,0,63.6,9.690048217773438,N,1.0,0.0
2026-08-19T01:36:26,AMD Ryzen 7 6800H_Mathematical Reasoning_Warmup,4a7bbbb8-170f-44d8-a677-7f24b80e422c,5b0fa12a-3dd7-45bb-9766-cc326314d9f1,22.805984999999964,6.253948782564082e-05,2.742240154312165e-06,15.246697199522728,0.0,10.0,5.360994278974203e-05,0.0,3.476186027777778e-05,8.837180306751979e-05,0.0,South Africa,ZAF,western cape,,,Windows-10-10.0.19045-SP0,3.11.7,3.2.6,16,AMD Ryzen 7 6800H with Radeon Graphics,0,,18.4259,-33.9258,15.237815856933594,machine,0.0,0,62.03809523809526,9.452810378301711,N,1.0,0.0
2026-08-19T01:36:48,AMD Ryzen 7 6800H_Mathematical Reasoning_Measured_1,6ae68f9f-86f8-4e5b-90c3-fce7fd2a3368,5b0fa12a-3dd7-45bb-9766-cc326314d9f1,21.19295650000004,5.708674498923629e-05,2.693665935153323e-06,16.2081771904125,0.0,10.0,5.010006418862508e-05,0.0,3.056670749999992e-05,8.066677168862502e-05,0.0,South Africa,ZAF,western cape,,,Windows-10-10.0.19045-SP0,3.11.7,3.2.6,16,AMD Ryzen 7 6800H with Radeon Graphics,0,,18.4259,-33.9258,15.237815856933594,machine,0.0,0,61.51578947368422,9.373600407650596,N,1.0,0.0
2026-08-19T01:37:02,AMD Ryzen 7 6800H_Mathematical Reasoning_Measured_2,10940ce9-4265-4536-aec6-a2e7ebf2266f,5b0fa12a-3dd7-45bb-9766-cc326314d9f1,13.409784299999956,3.548604807332802e-05,2.646280303951506e-06,14.591473749,0.0,10.0,2.993655517736541e-05,0.0,2.020722055555572e-05,5.014377573292113e-05,0.0,South Africa,ZAF,western cape,,,Windows-10-10.0.19045-SP0,3.11.7,3.2.6,16,AMD Ryzen 7 6800H with Radeon Graphics,0,,18.4259,-33.9258,15.237815856933594,machine,6.990909090909091,0,62.72727272727272,9.560055125843396,N,1.0,0.0
2026-08-19T01:37:19,AMD Ryzen 7 6800H_Mathematical Reasoning_Measured_3,9ccec1a6-f62a-4277-b482-67fb0b4ab98e,5b0fa12a-3dd7-45bb-9766-cc326314d9f1,15.364951500000018,3.843751387253689e-05,2.50163587386116e-06,13.46380878407143,0.0,10.0,3.165775490442384e-05,0.0,2.265660749999969e-05,5.431436240442355e-05,0.0,South Africa,ZAF,western cape,,,Windows-10-10.0.19045-SP0,3.11.7,3.2.6,16,AMD Ryzen 7 6800H with Radeon Graphics,0,,18.4259,-33.9258,15.237815856933594,machine,0.0,0,63.18461538461538,9.628780951866736,N,1.0,0.0
2026-08-19T01:37:53,AMD Ryzen 7 6800H_Code Generation_Warmup,1ef7f4d8-990c-46b4-9339-42279699be54,5b0fa12a-3dd7-45bb-9766-cc326314d9f1,33.99521500000003,8.728190347548958e-05,2.567476142612703e-06,14.354852540522726,0.0,10.0,7.29372720928671e-05,0.0,5.039695166666687e-05,0.0001233342237595,0.0,South Africa,ZAF,western cape,,,Windows-10-10.0.19045-SP0,3.11.7,3.2.6,16,AMD Ryzen 7 6800H with Radeon Graphics,0,,18.4259,-33.9258,15.237815856933594,machine,0.0,0,66.36562500000001,10.11139976978302,N,1.0,0.0
2026-08-19T01:38:34,AMD Ryzen 7 6800H_Code Generation_Measured_1,34e1ad35-5afa-4660-b9af-5a7f048763d3,5b0fa12a-3dd7-45bb-9766-cc326314d9f1,40.0041923,0.0001008291358619,2.520464232993324e-06,14.069955807173075,0.0,10.0,8.374910247629226e-05,0.0,5.872812027777789e-05,0.000142477222754,0.0,South Africa,ZAF,western cape,,,Windows-10-10.0.19045-SP0,3.11.7,3.2.6,16,AMD Ryzen 7 6800H with Radeon Graphics,0,,18.4259,-33.9258,15.237815856933594,machine,0.0,0,66.46052631578945,10.126265174464177,N,1.0,0.0
2026-08-19T01:39:06,AMD Ryzen 7 6800H_Code Generation_Measured_2,85280a9b-aa3f-4e7f-b926-dd77699927e3,5b0fa12a-3dd7-45bb-9766-cc326314d9f1,31.188493299999948,8.08969801978101e-05,2.593808537644563e-06,14.10825335445,0.0,10.0,6.731561275817728e-05,0.0,4.699635638888807e-05,0.000114311969147,0.0,South Africa,ZAF,western cape,,,Windows-10-10.0.19045-SP0,3.11.7,3.2.6,16,AMD Ryzen 7 6800H with Radeon Graphics,0,,18.4259,-33.9258,15.237815856933594,machine,0.0,0,66.81724137931033,10.181345709438984,N,1.0,0.0
2026-08-19T01:39:36,AMD Ryzen 7 6800H_Code Generation_Measured_3,696120bc-660e-4dd8-ab18-a3655b0ffd17,5b0fa12a-3dd7-45bb-9766-cc326314d9f1,29.203681899999992,7.656385867534313e-05,2.62171937557446e-06,13.964812473375002,0.0,10.0,6.390361213183558e-05,0.0,4.428541333333271e-05,0.0001081890254651,0.0,South Africa,ZAF,western cape,,,Windows-10-10.0.19045-SP0,3.11.7,3.2.6,16,AMD Ryzen 7 6800H with Radeon Graphics,0,,18.4259,-33.9258,15.237815856933594,machine,0.0,0,66.91481481481485,10.197549749303748,N,1.0,0.0
2026-08-19T01:40:49,AMD Ryzen 7 6800H_Knowledge Retrieval_Warmup,4bc0d03b-6e99-45c9-b131-57530c702426,5b0fa12a-3dd7-45bb-9766-cc326314d9f1,11.6986316,3.191336438138587e-05,2.7279570357088493e-06,12.453357460704543,0.0,10.0,2.537851445661429e-05,0.0,1.971685888888904e-05,4.509537334550333e-05,0.0,South Africa,ZAF,western cape,,,Windows-10-10.0.19045-SP0,3.11.7,3.2.6,16,AMD Ryzen 7 6800H with Radeon Graphics,0,,18.4259,-33.9258,15.237815856933594,machine,0.0,0,76.44999999999999,11.650356674194336,N,1.0,0.0
2026-08-19T01:41:01,AMD Ryzen 7 6800H_Knowledge Retrieval_Measured_1,c80bcca3-ff7f-4c89-a410-3698bfbda7ab,5b0fa12a-3dd7-45bb-9766-cc326314d9f1,11.371378900000082,2.853955191230997e-05,2.509770553183288e-06,13.046213267774998,0.0,10.0,2.2940147702835623e-05,0.0,1.738783944444435e-05,4.032798714727997e-05,0.0,South Africa,ZAF,western cape,,,Windows-10-10.0.19045-SP0,3.11.7,3.2.6,16,AMD Ryzen 7 6800H with Radeon Graphics,0,,18.4259,-33.9258,15.237815856933594,machine,0.0,0,76.37777777777777,11.63718965318468,N,1.0,0.0
2026-08-19T01:41:12,AMD Ryzen 7 6800H_Knowledge Retrieval_Measured_2,9500ea9d-d43e-466d-86af-60ada81c6c47,5b0fa12a-3dd7-45bb-9766-cc326314d9f1,10.613405899999975,2.7856987248702445e-05,2.6246981893628047e-06,11.787381182925,0.0,10.0,2.1277394726451232e-05,0.0,1.8086090277777264e-05,3.936348500422849e-05,0.0,South Africa,ZAF,western cape,,,Windows-10-10.0.19045-SP0,3.11.7,3.2.6,16,AMD Ryzen 7 6800H with Radeon Graphics,0,,18.4259,-33.9258,15.237815856933594,machine,0.0,0,76.72222222222221,11.689831203884548,N,1.0,0.0
2026-08-19T01:41:23,AMD Ryzen 7 6800H_Knowledge Retrieval_Measured_3,ef7decb2-d376-47dd-894e-2c886f6c3472,5b0fa12a-3dd7-45bb-9766-cc326314d9f1,10.468709200000037,2.478609105088876e-05,2.367635835265028e-06,11.2460987025,0.0,10.0,1.8694174260467592e-05,0.0,1.632996222222213e-05,3.502413648268972e-05,0.0,South Africa,ZAF,western cape,,,Windows-10-10.0.19045-SP0,3.11.7,3.2.6,16,AMD Ryzen 7 6800H with Radeon Graphics,0,,18.4259,-33.9258,15.237815856933594,machine,0.0,0,76.8875,11.716496467590332,N,1.0,0.0
2026-08-19T01:41:31,AMD Ryzen 7 6800H_Summarisation_Warmup,2af86e55-67f0-41a5-bbb9-24ac1a96b79f,5b0fa12a-3dd7-45bb-9766-cc326314d9f1,6.795478799999955,1.771027983920529e-05,2.6061857244268657e-06,8.695935955500003,0.0,10.0,1.191773181272246e-05,0.0,1.3107886666667116e-05,2.502561847938957e-05,0.0,South Africa,ZAF,western cape,,,Windows-10-10.0.19045-SP0,3.11.7,3.2.6,16,AMD Ryzen 7 6800H with Radeon Graphics,0,,18.4259,-33.9258,15.237815856933594,machine,0.0,0,76.84,11.710816955566406,N,1.0,0.0
2026-08-19T01:41:38,AMD Ryzen 7 6800H_Summarisation_Measured_1,0854c216-1e84-4034-a0d4-8a11acd287e4,5b0fa12a-3dd7-45bb-9766-cc326314d9f1,6.503415700000005,1.6630916692838294e-05,2.557258748327941e-06,10.4558208768,0.0,10.0,1.262639338611702e-05,0.0,1.087402444444384e-05,2.350041783056086e-05,0.0,South Africa,ZAF,western cape,,,Windows-10-10.0.19045-SP0,3.11.7,3.2.6,16,AMD Ryzen 7 6800H with Radeon Graphics,0,,18.4259,-33.9258,15.237815856933594,machine,0.0,0,76.9,11.72075366973877,N,1.0,0.0
2026-08-19T01:41:45,AMD Ryzen 7 6800H_Summarisation_Measured_2,1b6ab1a6-546a-4633-9854-68706dc09a01,5b0fa12a-3dd7-45bb-9766-cc326314d9f1,6.459576599999991,1.5385901759994685e-05,2.3818746510405505e-06,9.520417785150002,0.0,10.0,1.095980108553298e-05,0.0,1.0781340833333135e-05,2.1741141918866115e-05,0.0,South Africa,ZAF,western cape,,,Windows-10-10.0.19045-SP0,3.11.7,3.2.6,16,AMD Ryzen 7 6800H with Radeon Graphics,0,,18.4259,-33.9258,15.237815856933594,machine,0.0,0,76.875,11.71364402770996,N,1.0,0.0
2026-08-19T01:41:52,AMD Ryzen 7 6800H_Summarisation_Measured_3,3c835518-2f27-452d-94eb-6f6a4455eab3,5b0fa12a-3dd7-45bb-9766-cc326314d9f1,7.143741299999988,1.6986969348926454e-05,2.377881369937974e-06,10.763556051375,0.0,10.0,1.2706392976293117e-05,0.0,1.1297147222222117e-05,2.400354019851524e-05,0.0,South Africa,ZAF,western cape,,,Windows-10-10.0.19045-SP0,3.11.7,3.2.6,16,AMD Ryzen 7 6800H with Radeon Graphics,0,,18.4259,-33.9258,15.237815856933594,machine,0.0,0,76.82000000000001,11.70306167602539,N,1.0,0.0
2026-08-19T01:42:03,AMD Ryzen 7 6800H_Logical Reasoning_Warmup,42a3de7d-eb4e-43d2-9ddd-eb6248996e38,5b0fa12a-3dd7-45bb-9766-cc326314d9f1,9.908357499999966,2.619614333392706e-05,2.643843173192646e-06,10.962304884,0.0,10.0,1.943467275766425e-05,0.0,1.7581946666666677e-05,3.701661942433093e-05,0.0,South Africa,ZAF,western cape,,,Windows-10-10.0.19045-SP0,3.11.7,3.2.6,16,AMD Ryzen 7 6800H with Radeon Graphics,0,,18.4259,-33.9258,15.237815856933594,machine,0.0,0,76.78750000000001,11.700883865356444,N,1.0,0.0
2026-08-19T01:42:12,AMD Ryzen 7 6800H_Logical Reasoning_Measured_1,bcc7601f-9f6e-4a0c-8a31-6b04b4514852,5b0fa12a-3dd7-45bb-9766-cc326314d9f1,8.791041899999982,2.163813656248863e-05,2.461384760603709e-06,9.099271477125,0.0,10.0,1.4686916942338317e-05,0.0,1.5888983333332852e-05,3.0575900275671175e-05,0.0,South Africa,ZAF,western cape,,,Windows-10-10.0.19045-SP0,3.11.7,3.2.6,16,AMD Ryzen 7 6800H with Radeon Graphics,0,,18.4259,-33.9258,15.237815856933594,machine,0.0,0,76.84285714285716,11.709042140415736,N,1.0,0.0
2026-08-19T01:42:21,AMD Ryzen 7 6800H_Logical Reasoning_Measured_2,261e16dc-3910-4b0f-a0c8-c5beca6ce431,5b0fa12a-3dd7-45bb-9766-cc326314d9f1,7.984922900000015,2.3387399279186182e-05,2.928944909309788e-06,11.967670925357144,0.0,10.0,1.7982280469471336e-05,0.0,1.5065426111111276e-05,3.304770658058261e-05,0.0,South Africa,ZAF,western cape,,,Windows-10-10.0.19045-SP0,3.11.7,3.2.6,16,AMD Ryzen 7 6800H with Radeon Graphics,0,,18.4259,-33.9258,15.237815856933594,machine,0.0,0,76.89999999999999,11.717967987060549,N,1.0,0.0
2026-08-19T01:42:29,AMD Ryzen 7 6800H_Logical Reasoning_Measured_3,db862c3b-2db2-43fe-8cc7-962f275c3c52,5b0fa12a-3dd7-45bb-9766-cc326314d9f1,7.6820061999999325,2.076576504693636e-05,2.7031695245099564e-06,10.336184731928572,0.0,10.0,1.5229000963358334e-05,0.0,1.4114189444444494e-05,2.934319040780283e-05,0.0,South Africa,ZAF,western cape,,,Windows-10-10.0.19045-SP0,3.11.7,3.2.6,16,AMD Ryzen 7 6800H with Radeon Graphics,0,,18.4259,-33.9258,15.237815856933594,machine,12.5,0,76.98333333333333,11.732361475626629,N,1.0,0.0
2026-08-19T01:42:41,AMD Ryzen 7 6800H_Mathematical Reasoning_Warmup,4116b30f-56f2-451d-8c05-f3deecd0cd58,5b0fa12a-3dd7-45bb-9766-cc326314d9f1,11.633653599999889,2.967697553068444e-05,2.550959187119404e-06,10.750781704090912,0.0,10.0,2.237723327645245e-05,0.0,1.9557997222221323e-05,4.193523049867376e-05,0.0,South Africa,ZAF,western cape,,,Windows-10-10.0.19045-SP0,3.11.7,3.2.6,16,AMD Ryzen 7 6800H with Radeon Graphics,0,,18.4259,-33.9258,15.237815856933594,machine,0.0,0,77.0,11.733213636610245,N,1.0,0.0
2026-08-19T01:42:55,AMD Ryzen 7 6800H_Mathematical Reasoning_Measured_1,4841c327-5093-4d57-a762-ff35774e0303,5b0fa12a-3dd7-45bb-9766-cc326314d9f1,12.796863500000086,3.2239772163824615e-05,2.519349539348013e-06,11.080661379750005,0.0,10.0,2.42599139002728e-05,0.0,2.1296691944444512e-05,4.555660584471731e-05,0.0,South Africa,ZAF,western cape,,,Windows-10-10.0.19045-SP0,3.11.7,3.2.6,16,AMD Ryzen 7 6800H with Radeon Graphics,0,,18.4259,-33.9258,15.237815856933594,machine,0.0,0,77.10000000000001,11.746749877929688,N,1.0,0.0
2026-08-19T01:43:14,AMD Ryzen 7 6800H_Mathematical Reasoning_Measured_2,7beb13ab-75cc-4019-bb22-c4857cd37def,5b0fa12a-3dd7-45bb-9766-cc326314d9f1,18.590723499999967,4.173266492603045e-05,2.2448112321196385e-06,11.08593751089706,0.0,10.0,3.146616755610081e-05,0.0,2.7504428055555275e-05,5.897059561165608e-05,0.0,South Africa,ZAF,western cape,,,Windows-10-10.0.19045-SP0,3.11.7,3.2.6,16,AMD Ryzen 7 6800H with Radeon Graphics,0,,18.4259,-33.9258,15.237815856933594,machine,0.0,0,77.11250000000003,11.74959659576416,N,1.0,0.0
2026-08-19T01:43:26,AMD Ryzen 7 6800H_Mathematical Reasoning_Measured_3,fdb2c847-02f5-43d2-b437-a42618156bda,5b0fa12a-3dd7-45bb-9766-cc326314d9f1,11.252085999999965,2.667260829301958e-05,2.3704589791634786e-06,11.37993376185,0.0,10.0,2.0634758906074995e-05,0.0,1.705513222222142e-05,3.7689891128296416e-05,0.0,South Africa,ZAF,western cape,,,Windows-10-10.0.19045-SP0,3.11.7,3.2.6,16,AMD Ryzen 7 6800H with Radeon Graphics,0,,18.4259,-33.9258,15.237815856933594,machine,0.0,0,77.13333333333334,11.755787743462456,N,1.0,0.0
2026-08-19T01:44:03,AMD Ryzen 7 6800H_Code Generation_Warmup,d6fd2241-d018-465f-b634-c917293ba1f5,5b0fa12a-3dd7-45bb-9766-cc326314d9f1,36.35404259999996,8.060173390863984e-05,2.2171326252624222e-06,11.842531278492858,0.0,10.0,6.25466193073769e-05,0.0,5.134815027777791e-05,0.0001138947695851,0.0,South Africa,ZAF,western cape,,,Windows-10-10.0.19045-SP0,3.11.7,3.2.6,16,AMD Ryzen 7 6800H with Radeon Graphics,0,,18.4259,-33.9258,15.237815856933594,machine,0.0,0,77.2823529411765,11.775353712194104,N,1.0,0.0
2026-08-19T01:44:32,AMD Ryzen 7 6800H_Code Generation_Measured_1,a65154b0-a6de-448c-a10b-22be2670168e,5b0fa12a-3dd7-45bb-9766-cc326314d9f1,29.03569090000008,6.523186140139807e-05,2.246609582188309e-06,10.893657268205358,0.0,10.0,4.842024789923527e-05,0.0,4.37560299999998e-05,9.217627789923508e-05,0.0,South Africa,ZAF,western cape,,,Windows-10-10.0.19045-SP0,3.11.7,3.2.6,16,AMD Ryzen 7 6800H with Radeon Graphics,0,,18.4259,-33.9258,15.237815856933594,machine,0.0,0,72.81481481481477,11.095106195520472,N,1.0,0.0
2026-08-19T01:45:00,AMD Ryzen 7 6800H_Code Generation_Measured_2,6797a8d7-5f6e-4466-9c71-ef7cc8c380f9,5b0fa12a-3dd7-45bb-9766-cc326314d9f1,27.001043299999992,6.487872470158051e-05,2.4028228828321064e-06,11.433094898019233,0.0,10.0,5.0556033718775854e-05,0.0,4.112124222222128e-05,9.167727594099714e-05,0.0,South Africa,ZAF,western cape,,,Windows-10-10.0.19045-SP0,3.11.7,3.2.6,16,AMD Ryzen 7 6800H with Radeon Graphics,0,,18.4259,-33.9258,15.237815856933594,machine,0.0,0,60.46799999999999,9.21294723510742,N,1.0,0.0
2026-08-19T01:45:37,AMD Ryzen 7 6800H_Code Generation_Measured_3,a3039b05-42d4-4467-b935-90b22d11a1cb,5b0fa12a-3dd7-45bb-9766-cc326314d9f1,36.661368700000025,7.780241743477389e-05,2.122190747198531e-06,10.86450226682143,0.0,10.0,5.785791038625825e-05,0.0,5.208126805555619e-05,0.0001099391784418,0.0,South Africa,ZAF,western cape,,,Windows-10-10.0.19045-SP0,3.11.7,3.2.6,16,AMD Ryzen 7 6800H with Radeon Graphics,0,,18.4259,-33.9258,15.237815856933594,machine,0.0,0,58.5029411764706,8.91635524525362,N,1.0,0.0
2026-08-19T01:53:52,AMD Ryzen 7 6800H_Knowledge Retrieval_Warmup,7eaca01c-fa48-47b4-be18-99880e4d9229,5b0fa12a-3dd7-45bb-9766-cc326314d9f1,15.085558099999844,3.284146891104921e-05,2.177013849494209e-06,9.279569101660714,0.0,10.0,2.153720514297778e-05,0.0,2.486963194444406e-05,4.640683708742184e-05,0.0,South Africa,ZAF,western cape,,,Windows-10-10.0.19045-SP0,3.11.7,3.2.6,16,AMD Ryzen 7 6800H with Radeon Graphics,0,,18.4259,-33.9258,15.237815856933594,machine,0.0,0,51.30769230769231,7.818954174335186,N,1.0,0.0
2026-08-19T01:54:04,AMD Ryzen 7 6800H_Knowledge Retrieval_Measured_1,a45d18b0-c73d-4805-8cd6-e0dcbbfa1ce5,5b0fa12a-3dd7-45bb-9766-cc326314d9f1,10.605879799999911,2.5773553768868698e-05,2.430119354065177e-06,9.68295313575,0.0,10.0,1.834066250641949e-05,0.0,1.807881416666533e-05,3.641947667308481e-05,0.0,South Africa,ZAF,western cape,,,Windows-10-10.0.19045-SP0,3.11.7,3.2.6,16,AMD Ryzen 7 6800H with Radeon Graphics,0,,18.4259,-33.9258,15.237815856933594,machine,0.0,0,52.3,7.972900814480251,N,1.0,0.0
2026-08-19T01:54:14,AMD Ryzen 7 6800H_Knowledge Retrieval_Measured_2,002160d7-7094-4f05-9472-9257ba9b7ed8,5b0fa12a-3dd7-45bb-9766-cc326314d9f1,9.968048499999895,2.45385441083938e-05,2.461719975418865e-06,9.613755349,0.0,10.0,1.7019876550048892e-05,0.0,1.7654462222222693e-05,3.467433877227159e-05,0.0,South Africa,ZAF,western cape,,,Windows-10-10.0.19045-SP0,3.11.7,3.2.6,16,AMD Ryzen 7 6800H with Radeon Graphics,0,,18.4259,-33.9258,15.237815856933594,machine,0.0,0,52.4125,7.988996505737305,N,1.0,0.0
2026-08-19T01:54:26,AMD Ryzen 7 6800H_Knowledge Retrieval_Measured_3,e58b8aea-3963-448d-82e7-2e936dbbe139,5b0fa12a-3dd7-45bb-9766-cc326314d9f1,11.0203305,2.9950459483802453e-05,2.7177460316460067e-06,11.502273515175002,0.0,10.0,2.306692227057697e-05,0.0,1.9254756388888456e-05,4.232167865946543e-05,0.0,South Africa,ZAF,western cape,,,Windows-10-10.0.19045-SP0,3.11.7,3.2.6,16,AMD Ryzen 7 6800H with Radeon Graphics,0,,18.4259,-33.9258,15.237815856933594,machine,0.0,0,52.57777777777778,8.00829103257921,N,1.0,0.0
2026-08-19T01:54:35,AMD Ryzen 7 6800H_Summarisation_Warmup,4c510548-9f1f-4650-95fa-61f4e93c2283,5b0fa12a-3dd7-45bb-9766-cc326314d9f1,8.987764099999822,2.403073648157734e-05,2.673716868200604e-06,10.70105495146875,0.0,10.0,1.7508920065784013e-05,0.0,1.644785805555418e-05,3.395677812133819e-05,0.0,South Africa,ZAF,western cape,,,Windows-10-10.0.19045-SP0,3.11.7,3.2.6,16,AMD Ryzen 7 6800H with Radeon Graphics,0,,18.4259,-33.9258,15.237815856933594,machine,0.0,0,52.87142857142857,8.060375758579799,N,1.0,0.0
2026-08-19T01:54:42,AMD Ryzen 7 6800H_Summarisation_Measured_1,a20098a2-3ccc-414e-b28c-fac8e0984833,5b0fa12a-3dd7-45bb-9766-cc326314d9f1,6.57927020000011,1.841919563854467e-05,2.79958036053062e-06,9.867463835625,0.0,10.0,1.344868819925942e-05,0.0,1.25786680555551e-05,2.602735625481452e-05,0.0,South Africa,ZAF,western cape,,,Windows-10-10.0.19045-SP0,3.11.7,3.2.6,16,AMD Ryzen 7 6800H with Radeon Graphics,0,,18.4259,-33.9258,15.237815856933594,machine,0.0,0,52.9,8.06357192993164,N,1.0,0.0
2026-08-19T01:54:49,AMD Ryzen 7 6800H_Summarisation_Measured_2,3326d9a0-ab15-4deb-b198-d1d9c7f7f51d,5b0fa12a-3dd7-45bb-9766-cc326314d9f1,6.432341299999962,1.6397983220048106e-05,2.5493024165319403e-06,10.402542924300004,0.0,10.0,1.2379243661143694e-05,0.0,1.0792026111111375e-05,2.317126977225508e-05,0.0,South Africa,ZAF,western cape,,,Windows-10-10.0.19045-SP0,3.11.7,3.2.6,16,AMD Ryzen 7 6800H with Radeon Graphics,0,,18.4259,-33.9258,15.237815856933594,machine,0.0,0,53.0,8.072037696838379,N,1.0,0.0
2026-08-19T01:54:56,AMD Ryzen 7 6800H_Summarisation_Measured_3,df3535eb-6749-43fc-ba79-3676856097a7,5b0fa12a-3dd7-45bb-9766-cc326314d9f1,6.2832977999999,1.5342475827778173e-05,2.441787150018326e-06,9.86296199805,0.0,10.0,1.1373520030516009e-05,0.0,1.0306258611110604e-05,2.167977864162661e-05,0.0,South Africa,ZAF,western cape,,,Windows-10-10.0.19045-SP0,3.11.7,3.2.6,16,AMD Ryzen 7 6800H with Radeon Graphics,0,,18.4259,-33.9258,15.237815856933594,machine,0.0,0,52.9,8.060118675231934,N,1.0,0.0
2026-08-19T01:55:10,AMD Ryzen 7 6800H_Logical Reasoning_Warmup,35cb8bb4-e9ee-4806-8452-c54926031e54,5b0fa12a-3dd7-45bb-9766-cc326314d9f1,12.822652000000062,3.1271769931917666e-05,2.438791127757153e-06,10.2319334960625,0.0,10.0,2.2780635523460374e-05,0.0,2.1408128888888693e-05,4.418876441234906e-05,0.0,South Africa,ZAF,western cape,,,Windows-10-10.0.19045-SP0,3.11.7,3.2.6,16,AMD Ryzen 7 6800H with Radeon Graphics,0,,18.4259,-33.9258,15.237815856933594,machine,0.0,0,52.690909090909095,8.029397097500889,N,1.0,0.0
2026-08-19T01:55:19,AMD Ryzen 7 6800H_Logical Reasoning_Measured_1,d6b54db8-cc4d-434a-af0c-d03fd9eb2d14,5b0fa12a-3dd7-45bb-9766-cc326314d9f1,8.381245299999819,1.9595960868475465e-05,2.3380727048372978e-06,10.08384687257143,0.0,10.0,1.440976039822452e-05,0.0,1.328043111111078e-05,2.7690191509335304e-05,0.0,South Africa,ZAF,western cape,,,Windows-10-10.0.19045-SP0,3.11.7,3.2.6,16,AMD Ryzen 7 6800H with Radeon Graphics,0,,18.4259,-33.9258,15.237815856933594,machine,0.0,0,52.833333333333336,8.053061803181967,N,1.0,0.0
2026-08-19T01:55:28,AMD Ryzen 7 6800H_Logical Reasoning_Measured_2,d54edef9-c7db-4732-a90e-0347813d79b9,5b0fa12a-3dd7-45bb-9766-cc326314d9f1,8.275593300000082,1.9231987512908007e-05,2.3239406306866016e-06,10.313472762964286,0.0,10.0,1.412970480443675e-05,0.0,1.304617194444341e-05,2.717587674888016e-05,0.0,South Africa,ZAF,western cape,,,Windows-10-10.0.19045-SP0,3.11.7,3.2.6,16,AMD Ryzen 7 6800H with Radeon Graphics,0,,18.4259,-33.9258,15.237815856933594,machine,0.0,0,53.0,8.073240915934244,N,1.0,0.0
2026-08-19T01:55:38,AMD Ryzen 7 6800H_Logical Reasoning_Measured_3,232ca901-a726-433b-b8d2-11e22b0b7b0d,5b0fa12a-3dd7-45bb-9766-cc326314d9f1,9.622839300000123,2.414023676291404e-05,2.5086397070887108e-06,9.998371071,0.0,10.0,1.741272260330976e-05,0.0,1.669878555555455e-05,3.41115081588643e-05,0.0,South Africa,ZAF,western cape,,,Windows-10-10.0.19045-SP0,3.11.7,3.2.6,16,AMD Ryzen 7 6800H with Radeon Graphics,0,,18.4259,-33.9258,15.237815856933594,machine,0.0,0,53.075,8.083012580871582,N,1.0,0.0
2026-08-19T01:55:51,AMD Ryzen 7 6800H_Mathematical Reasoning_Warmup,5b49b908-e9f2-454d-94ca-7185fcc7fb07,5b0fa12a-3dd7-45bb-9766-cc326314d9f1,12.657876400000076,3.053227477550344e-05,2.4121166782370586e-06,10.302038001,0.0,10.0,2.2216184624036503e-05,0.0,2.0927631666667897e-05,4.3143816290704414e-05,0.0,South Africa,ZAF,western cape,,,Windows-10-10.0.19045-SP0,3.11.7,3.2.6,16,AMD Ryzen 7 6800H with Radeon Graphics,0,,18.4259,-33.9258,15.237815856933594,machine,0.0,0,53.118181818181824,8.096939433704723,N,1.0,0.0
2026-08-19T01:56:06,AMD Ryzen 7 6800H_Mathematical Reasoning_Measured_1,ebfc340d-9eaf-4790-9f2f-b14ddb1298c7,5b0fa12a-3dd7-45bb-9766-cc326314d9f1,14.669673000000104,3.443994288898906e-05,2.347696699782525e-06,10.365761042035716,0.0,10.0,2.5018125449310333e-05,0.0,2.364744499999776e-05,4.8665570449308114e-05,0.0,South Africa,ZAF,western cape,,,Windows-10-10.0.19045-SP0,3.11.7,3.2.6,16,AMD Ryzen 7 6800H with Radeon Graphics,0,,18.4259,-33.9258,15.237815856933594,machine,0.0,0,53.21538461538462,8.109176929180439,N,1.0,0.0
2026-08-19T01:56:16,AMD Ryzen 7 6800H_Mathematical Reasoning_Measured_2,977fc77a-f38a-4893-ab80-bea310bf416c,5b0fa12a-3dd7-45bb-9766-cc326314d9f1,9.60175930000014,2.433957000162379e-05,2.534907326996151e-06,10.02832049425,0.0,10.0,1.7631891924573618e-05,0.0,1.6761285277778547e-05,3.439317720235216e-05,0.0,South Africa,ZAF,western cape,,,Windows-10-10.0.19045-SP0,3.11.7,3.2.6,16,AMD Ryzen 7 6800H with Radeon Graphics,0,,18.4259,-33.9258,15.237815856933594,machine,0.0,0,53.3,8.11596189226423,N,1.0,0.0
2026-08-19T01:56:36,AMD Ryzen 7 6800H_Mathematical Reasoning_Measured_3,13915139-c814-45d7-a024-6ba3b980d932,5b0fa12a-3dd7-45bb-9766-cc326314d9f1,19.30059510000001,4.184542511420962e-05,2.168089890358334e-06,10.842429922125,0.0,10.0,3.108833874700903e-05,0.0,2.8041593333333974e-05,5.9129932080343e-05,0.0,South Africa,ZAF,western cape,,,Windows-10-10.0.19045-SP0,3.11.7,3.2.6,16,AMD Ryzen 7 6800H with Radeon Graphics,0,,18.4259,-33.9258,15.237815856933594,machine,0.0,0,53.36470588235292,8.13054297952091,N,1.0,0.0
2026-08-19T01:57:08,AMD Ryzen 7 6800H_Code Generation_Warmup,8a53290b-9735-4a0b-88ef-18f1268f81d4,5b0fa12a-3dd7-45bb-9766-cc326314d9f1,31.40502800000013,6.606974018787819e-05,2.103794977921304e-06,10.637871366149998,0.0,10.0,4.875223649570682e-05,0.0,4.460801111111057e-05,9.33602476068174e-05,0.0,South Africa,ZAF,western cape,,,Windows-10-10.0.19045-SP0,3.11.7,3.2.6,16,AMD Ryzen 7 6800H with Radeon Graphics,0,,18.4259,-33.9258,15.237815856933594,machine,0.0,0,53.42413793103448,8.146660903404499,N,1.0,0.0
2026-08-19T01:57:39,AMD Ryzen 7 6800H_Code Generation_Measured_1,eb169905-5d46-4dc9-8a84-849bd948bf36,5b0fa12a-3dd7-45bb-9766-cc326314d9f1,30.70422439999993,6.718664428981179e-05,2.188188941512945e-06,11.27003069273276,0.0,10.0,5.080068461978134e-05,0.0,4.413781111111032e-05,9.493849573089164e-05,0.0,South Africa,ZAF,western cape,,,Windows-10-10.0.19045-SP0,3.11.7,3.2.6,16,AMD Ryzen 7 6800H with Radeon Graphics,0,,18.4259,-33.9258,15.237815856933594,machine,3.571428571428572,0,53.5607142857143,8.16276250566755,N,1.0,0.0
2026-08-19T01:58:07,AMD Ryzen 7 6800H_Code Generation_Measured_2,d1433cf0-cf11-414b-9135-9656fe0f5179,5b0fa12a-3dd7-45bb-9766-cc326314d9f1,27.35360229999992,5.897669466806964e-05,2.1560851116150724e-06,11.014435660846155,0.0,10.0,4.439757100420319e-05,0.0,3.893980555555584e-05,8.333737655975903e-05,0.0,South Africa,ZAF,western cape,,,Windows-10-10.0.19045-SP0,3.11.7,3.2.6,16,AMD Ryzen 7 6800H with Radeon Graphics,0,,18.4259,-33.9258,15.237815856933594,machine,3.332,0,52.492,7.998732299804687,N,1.0,0.0
2026-08-19T01:58:30,AMD Ryzen 7 6800H_Code Generation_Measured_3,8931b2b1-6129-45de-870b-0280cefc5f3b,5b0fa12a-3dd7-45bb-9766-cc326314d9f1,22.25218679999989,4.787903801243867e-05,2.1516554055010407e-06,10.967773965107142,0.0,10.0,3.5788951260992743e-05,0.0,3.186681416666677e-05,6.765576542765953e-05,0.0,South Africa,ZAF,western cape,,,Windows-10-10.0.19045-SP0,3.11.7,3.2.6,16,AMD Ryzen 7 6800H with Radeon Graphics,0,,18.4259,-33.9258,15.237815856933594,machine,4.165,0,52.60000000000001,8.014716339111327,N,1.0,0.0
2026-08-19T02:00:11,AMD Ryzen 7 6800H_Knowledge Retrieval_Warmup,3316c011-e212-47ab-a42b-c2fb3af15136,5b0fa12a-3dd7-45bb-9766-cc326314d9f1,11.460558300000002,2.5359511281836512e-05,2.212764039762052e-06,9.916615446975,0.0,10.0,1.8269402255681453e-05,0.0,1.7565009166667603e-05,3.583441142234905e-05,0.0,South Africa,ZAF,western cape,,,Windows-10-10.0.19045-SP0,3.11.7,3.2.6,16,AMD Ryzen 7 6800H with Radeon Graphics,0,,18.4259,-33.9258,15.237815856933594,machine,0.0,0,52.75555555555555,8.040594736735025,N,1.0,0.0
2026-08-19T02:00:22,AMD Ryzen 7 6800H_Knowledge Retrieval_Measured_1,13f802e4-3b1a-4e52-8c19-5316228e706c,5b0fa12a-3dd7-45bb-9766-cc326314d9f1,9.613636400000132,2.3984772275418232e-05,2.4948699199210305e-06,9.75168665275,0.0,10.0,1.7211313676245106e-05,0.0,1.6680514444444346e-05,3.3891828120689445e-05,0.0,South Africa,ZAF,western cape,,,Windows-10-10.0.19045-SP0,3.11.7,3.2.6,16,AMD Ryzen 7 6800H with Radeon Graphics,0,,18.4259,-33.9258,15.237815856933594,machine,0.0,0,52.7875,8.046582698822021,N,1.0,0.0
2026-08-19T02:00:33,AMD Ryzen 7 6800H_Knowledge Retrieval_Measured_2,91eaee52-3cc8-4f0e-a61f-813c14b66079,5b0fa12a-3dd7-45bb-9766-cc326314d9f1,10.780782799999995,2.700395563445379e-05,2.504823270760431e-06,10.555586337149998,0.0,10.0,1.9627672112457287e-05,0.0,1.853043138888905e-05,3.8158103501346345e-05,0.0,South Africa,ZAF,western cape,,,Windows-10-10.0.19045-SP0,3.11.7,3.2.6,16,AMD Ryzen 7 6800H with Radeon Graphics,0,,18.4259,-33.9258,15.237815856933594,machine,0.0,0,52.888888888888886,8.062135908338758,N,1.0,0.0
2026-08-19T02:00:44,AMD Ryzen 7 6800H_Knowledge Retrieval_Measured_3,3ca6cb23-92db-42bf-8805-230f96574a5c,5b0fa12a-3dd7-45bb-9766-cc326314d9f1,10.651978999999985,2.590973828902674e-05,2.4323872858768105e-06,9.791530863525,0.0,10.0,1.833483386966108e-05,0.0,1.8277079166666808e-05,3.661191303632789e-05,0.0,South Africa,ZAF,western cape,,,Windows-10-10.0.19045-SP0,3.11.7,3.2.6,16,AMD Ryzen 7 6800H with Radeon Graphics,0,,18.4259,-33.9258,15.237815856933594,machine,0.0,0,52.92222222222222,8.064932929144966,N,1.0,0.0
2026-08-19T02:00:52,AMD Ryzen 7 6800H_Summarisation_Warmup,9b08cf91-7214-4191-87a7-3e88795b1c32,5b0fa12a-3dd7-45bb-9766-cc326314d9f1,6.754474499999787,1.884000329916768e-05,2.789262628672041e-06,9.895597288875004,0.0,10.0,1.3550905519621807e-05,0.0,1.3071075555555152e-05,2.662198107517696e-05,0.0,South Africa,ZAF,western cape,,,Windows-10-10.0.19045-SP0,3.11.7,3.2.6,16,AMD Ryzen 7 6800H with Radeon Graphics,0,,18.4259,-33.9258,15.237815856933594,machine,0.0,0,52.88,8.053180694580078,N,1.0,0.0
2026-08-19T02:00:58,AMD Ryzen 7 6800H_Summarisation_Measured_1,fd8ae2b7-2271-4fe7-959d-cdfcfd99f11a,5b0fa12a-3dd7-45bb-9766-cc326314d9f1,5.747746300000017,1.6346794496951605e-05,2.8440354956083496e-06,9.5018826942,0.0,10.0,1.145097695844166e-05,0.0,1.1647960277778366e-05,2.3098937236220024e-05,0.0,South Africa,ZAF,western cape,,,Windows-10-10.0.19045-SP0,3.11.7,3.2.6,16,AMD Ryzen 7 6800H with Radeon Graphics,0,,18.4259,-33.9258,15.237815856933594,machine,0.0,0,52.77499999999999,8.045326232910156,N,1.0,0.0
2026-08-19T02:01:05,AMD Ryzen 7 6800H_Summarisation_Measured_2,2fb6aed0-6855-498b-ac96-c45cbab211ba,5b0fa12a-3dd7-45bb-9766-cc326314d9f1,6.754767899999933,1.740316231868307e-05,2.5764263963360223e-06,8.352213018000002,0.0,10.0,1.1618916424145802e-05,0.0,1.29727277777786e-05,2.45916442019244e-05,0.0,South Africa,ZAF,western cape,,,Windows-10-10.0.19045-SP0,3.11.7,3.2.6,16,AMD Ryzen 7 6800H with Radeon Graphics,0,,18.4259,-33.9258,15.237815856933594,machine,0.0,0,52.8,8.047983551025391,N,1.0,0.0
2026-08-19T02:01:13,AMD Ryzen 7 6800H_Summarisation_Measured_3,01ec1b87-7aba-480f-8f21-8e9b8a175118,5b0fa12a-3dd7-45bb-9766-cc326314d9f1,7.249629500000083,2.00267436401617e-05,2.762450638361791e-06,12.936243058875,0.0,10.0,1.662097227651905e-05,0.0,1.1677939444444342e-05,2.82989117209634e-05,0.0,South Africa,ZAF,western cape,,,Windows-10-10.0.19045-SP0,3.11.7,3.2.6,16,AMD Ryzen 7 6800H with Radeon Graphics,0,,18.4259,-33.9258,15.237815856933594,machine,0.0,0,53.120000000000005,8.094678497314453,N,1.0,0.0
2026-08-19T02:01:24,AMD Ryzen 7 6800H_Logical Reasoning_Warmup,dacdc862-40ed-4faa-a6d5-915d200918dc,5b0fa12a-3dd7-45bb-9766-cc326314d9f1,10.038352699999905,2.6590211949893262e-05,2.648862093667372e-06,10.895648870250003,0.0,10.0,1.9705452141923028e-05,0.0,1.786800833333473e-05,3.757346047525776e-05,0.0,South Africa,ZAF,western cape,,,Windows-10-10.0.19045-SP0,3.11.7,3.2.6,16,AMD Ryzen 7 6800H with Radeon Graphics,0,,18.4259,-33.9258,15.237815856933594,machine,0.0,0,53.212500000000006,8.108506679534912,N,1.0,0.0
2026-08-19T02:01:35,AMD Ryzen 7 6800H_Logical Reasoning_Measured_1,5a76a2b4-830e-4bfa-bbe7-056312e96a05,5b0fa12a-3dd7-45bb-9766-cc326314d9f1,10.455599099999972,2.4545566165069203e-05,2.347600164305197e-06,10.922991495750002,0.0,10.0,1.8397850220989184e-05,0.0,1.6286411111111773e-05,3.468426133210096e-05,0.0,South Africa,ZAF,western cape,,,Windows-10-10.0.19045-SP0,3.11.7,3.2.6,16,AMD Ryzen 7 6800H with Radeon Graphics,0,,18.4259,-33.9258,15.237815856933594,machine,0.0,0,53.3,8.120534420013428,N,1.0,0.0
2026-08-19T02:01:44,AMD Ryzen 7 6800H_Logical Reasoning_Measured_2,1cc592c0-f686-46e2-82c0-b0eb6698ebdb,5b0fa12a-3dd7-45bb-9766-cc326314d9f1,9.043809200000169,2.517033025276673e-05,2.7831558247343675e-06,11.407851665156253,0.0,10.0,1.9143456353679285e-05,0.0,1.6423631666666932e-05,3.556708802034621e-05,0.0,South Africa,ZAF,western cape,,,Windows-10-10.0.19045-SP0,3.11.7,3.2.6,16,AMD Ryzen 7 6800H with Radeon Graphics,0,,18.4259,-33.9258,15.237815856933594,machine,0.0,0,53.385714285714286,8.132714407784599,N,1.0,0.0
2026-08-19T02:01:54,AMD Ryzen 7 6800H_Logical Reasoning_Measured_3,cb8b0d24-617c-4c04-9a40-b1984d4291d4,5b0fa12a-3dd7-45bb-9766-cc326314d9f1,8.733377000000019,2.2143956590432745e-05,2.535554870748474e-06,9.7596000995625,0.0,10.0,1.558287622683643e-05,0.0,1.570777611111112e-05,3.129065233794754e-05,0.0,South Africa,ZAF,western cape,,,Windows-10-10.0.19045-SP0,3.11.7,3.2.6,16,AMD Ryzen 7 6800H with Radeon Graphics,0,,18.4259,-33.9258,15.237815856933594,machine,0.0,0,53.385714285714286,8.136165073939733,N,1.0,0.0
2026-08-19T02:02:06,AMD Ryzen 7 6800H_Mathematical Reasoning_Warmup,9ba6f942-5931-4fc0-9dbf-e8b09fdbaed0,5b0fa12a-3dd7-45bb-9766-cc326314d9f1,12.024210799999992,2.996577464234939e-05,2.492119868885649e-06,10.360812471340909,0.0,10.0,2.169496233725755e-05,0.0,2.064835749999992e-05,4.2343319837257466e-05,0.0,South Africa,ZAF,western cape,,,Windows-10-10.0.19045-SP0,3.11.7,3.2.6,16,AMD Ryzen 7 6800H with Radeon Graphics,0,,18.4259,-33.9258,15.237815856933594,machine,0.0,0,53.48,8.146763610839844,N,1.0,0.0
2026-08-19T02:02:20,AMD Ryzen 7 6800H_Mathematical Reasoning_Measured_1,10aca0bf-b641-46d8-bb8c-02badbb90503,5b0fa12a-3dd7-45bb-9766-cc326314d9f1,13.254966100000049,2.972348090309668e-05,2.2424411106639177e-06,11.000452013437505,0.0,10.0,2.233405241980725e-05,0.0,1.966689277777568e-05,4.200094519758294e-05,0.0,South Africa,ZAF,western cape,,,Windows-10-10.0.19045-SP0,3.11.7,3.2.6,16,AMD Ryzen 7 6800H with Radeon Graphics,0,,18.4259,-33.9258,15.237815856933594,machine,0.0,0,53.49090909090909,8.151738253506748,N,1.0,0.0
2026-08-19T02:02:36,AMD Ryzen 7 6800H_Mathematical Reasoning_Measured_2,fb5d3c4e-1c26-4558-8d1a-1fe3055904de,5b0fa12a-3dd7-45bb-9766-cc326314d9f1,15.12492529999986,3.4572127809832474e-05,2.285771805420605e-06,9.633569280589288,0.0,10.0,2.3862039598894127e-05,0.0,2.4990315555556385e-05,4.885235515445052e-05,0.0,South Africa,ZAF,western cape,,,Windows-10-10.0.19045-SP0,3.11.7,3.2.6,16,AMD Ryzen 7 6800H with Radeon Graphics,0,,18.4259,-33.9258,15.237815856933594,machine,0.0,0,53.5,8.157923478346605,N,1.0,0.0
2026-08-19T02:02:49,AMD Ryzen 7 6800H_Mathematical Reasoning_Measured_3,04f00b7a-034d-45d1-9e1e-0ea940c85743,5b0fa12a-3dd7-45bb-9766-cc326314d9f1,12.437903200000164,2.9065383245710944e-05,2.336839479962391e-06,11.548960483500002,0.0,10.0,2.215885797292574e-05,0.0,1.891215833333288e-05,4.1071016306258624e-05,0.0,South Africa,ZAF,western cape,,,Windows-10-10.0.19045-SP0,3.11.7,3.2.6,16,AMD Ryzen 7 6800H with Radeon Graphics,0,,18.4259,-33.9258,15.237815856933594,machine,0.0,0,53.59,8.167138671875,N,1.0,0.0
2026-08-19T02:03:18,AMD Ryzen 7 6800H_Code Generation_Warmup,f55b0708-2c88-4cfe-9824-28c3d917273e,5b0fa12a-3dd7-45bb-9766-cc326314d9f1,28.79541569999992,6.835565316543907e-05,2.3738380399710382e-06,11.779233514473214,0.0,10.0,5.34733480440832e-05,0.0,4.311702277777714e-05,9.659037082186036e-05,0.0,South Africa,ZAF,western cape,,,Windows-10-10.0.19045-SP0,3.11.7,3.2.6,16,AMD Ryzen 7 6800H with Radeon Graphics,0,,18.4259,-33.9258,15.237815856933594,machine,0.0,0,53.9962962962963,8.228077076099536,N,1.0,0.0
2026-08-19T02:03:48,AMD Ryzen 7 6800H_Code Generation_Measured_1,14be6eea-5af4-42aa-a697-4ac4dc2b0b6e,5b0fa12a-3dd7-45bb-9766-cc326314d9f1,29.717337499999985,6.277956526846127e-05,2.1125568624194985e-06,10.493345868589286,0.0,10.0,4.583347373384077e-05,0.0,4.287757222222063e-05,8.871104595606141e-05,0.0,South Africa,ZAF,western cape,,,Windows-10-10.0.19045-SP0,3.11.7,3.2.6,16,AMD Ryzen 7 6800H with Radeon Graphics,0,,18.4259,-33.9258,15.237815856933594,machine,0.0,0,54.08888888888888,8.240338502106843,N,1.0,0.0
2026-08-19T02:04:26,AMD Ryzen 7 6800H_Code Generation_Measured_2,d65e377b-0b1a-451a-a2fc-cf952584ee84,5b0fa12a-3dd7-45bb-9766-cc326314d9f1,36.97506049999993,8.096382081698551e-05,2.1896873114510702e-06,10.8155245245,0.0,10.0,6.008270952323919e-05,0.0,5.43237091666678e-05,0.0001144064186899,0.0,South Africa,ZAF,western cape,,,Windows-10-10.0.19045-SP0,3.11.7,3.2.6,16,AMD Ryzen 7 6800H with Radeon Graphics,0,,18.4259,-33.9258,15.237815856933594,machine,0.0,0,53.677142857142826,8.177284349714007,N,1.0,0.0
2026-08-19T02:04:57,AMD Ryzen 7 6800H_Code Generation_Measured_3,e24e96ac-7b44-4479-8789-e9209a31f366,5b0fa12a-3dd7-45bb-9766-cc326314d9f1,30.75754310000002,6.685290507729911e-05,2.1735450344634017e-06,11.171699113422417,0.0,10.0,5.024495850988673e-05,0.0,4.422194500000198e-05,9.44669035098887e-05,0.0,South Africa,ZAF,western cape,,,Windows-10-10.0.19045-SP0,3.11.7,3.2.6,16,AMD Ryzen 7 6800H with Radeon Graphics,0,,18.4259,-33.9258,15.237815856933594,machine,0.0,0,53.6964285714286,8.182401248386928,N,1.0,0.0
2026-08-20T14:59:49,AMD Ryzen 7 6800H_Knowledge Retrieval_Warmup,218455cb-6ef5-4f89-a8bb-d09ef7a108ce,5b0fa12a-3dd7-45bb-9766-cc326314d9f1,14.993316100008087,3.955191613749354e-05,2.6379698709528445e-06,15.382908348910714,0.0,10.0,3.334730668147063e-05,0.0,2.254176861109348e-05,5.588907529256413e-05,0.0,South Africa,ZAF,western cape,,,Windows-10-10.0.19045-SP0,3.11.7,3.2.6,16,AMD Ryzen 7 6800H with Radeon Graphics,0,,18.4259,-33.9258,15.237815856933594,machine,0.0,0,86.1,13.12176953829252,N,1.0,0.0
2026-08-20T15:00:03,AMD Ryzen 7 6800H_Knowledge Retrieval_Measured_1,8d46679e-2b16-42eb-845f-281458fcd8af,5b0fa12a-3dd7-45bb-9766-cc326314d9f1,12.83850810000149,4.266565592270219e-05,3.3232565334205178e-06,17.99669416275,0.0,10.0,4.093880892766693e-05,0.0,1.935015527778887e-05,6.02889642054558e-05,0.0,South Africa,ZAF,western cape,,,Windows-10-10.0.19045-SP0,3.11.7,3.2.6,16,AMD Ryzen 7 6800H with Radeon Graphics,0,,18.4259,-33.9258,15.237815856933594,machine,7.272727272727272,0,87.39999999999999,13.315614526922053,N,1.0,0.0
2026-08-20T15:00:16,AMD Ryzen 7 6800H_Knowledge Retrieval_Measured_2,7d5444e0-f962-42f1-9beb-f16342d65ea7,5b0fa12a-3dd7-45bb-9766-cc326314d9f1,11.902161899997736,4.260779188550787e-05,3.579836356075444e-06,20.680059834204545,0.0,10.0,4.221916296518438e-05,0.0,1.7988036111111996e-05,6.020719907629637e-05,0.0,South Africa,ZAF,western cape,,,Windows-10-10.0.19045-SP0,3.11.7,3.2.6,16,AMD Ryzen 7 6800H with Radeon Graphics,0,,18.4259,-33.9258,15.237815856933594,machine,0.0,0,86.97,13.249901580810548,N,1.0,0.0
2026-08-20T15:00:29,AMD Ryzen 7 6800H_Knowledge Retrieval_Measured_3,dfc929f7-b538-46ea-98e4-0447339cdeb6,5b0fa12a-3dd7-45bb-9766-cc326314d9f1,12.181840299992473,5.304539012356947e-05,4.354464417301731e-06,22.18297207356818,0.0,10.0,5.665116065299918e-05,0.0,1.8304949999987408e-05,7.495611065298659e-05,0.0,South Africa,ZAF,western cape,,,Windows-10-10.0.19045-SP0,3.11.7,3.2.6,16,AMD Ryzen 7 6800H with Radeon Graphics,0,,18.4259,-33.9258,15.237815856933594,machine,0.0,0,87.33333333333333,13.307273017035593,N,1.0,0.0
2026-08-20T15:00:40,AMD Ryzen 7 6800H_Summarisation_Warmup,b2f0c952-0e52-4019-816f-b18ffb89f163,5b0fa12a-3dd7-45bb-9766-cc326314d9f1,9.888844200002495,3.222627682307675e-05,3.258851709188483e-06,17.134583333250003,0.0,10.0,2.92248936715306e-05,0.0,1.6312642499987203e-05,4.55375361715178e-05,0.0,South Africa,ZAF,western cape,,,Windows-10-10.0.19045-SP0,3.11.7,3.2.6,16,AMD Ryzen 7 6800H with Radeon Graphics,0,,18.4259,-33.9258,15.237815856933594,machine,12.5,0,85.33749999999999,13.005454540252686,N,1.0,0.0
2026-08-20T15:00:51,AMD Ryzen 7 6800H_Summarisation_Measured_1,92c30cf2-0d8d-4c79-a62e-aaf5e27bd52c,5b0fa12a-3dd7-45bb-9766-cc326314d9f1,9.094658699992578,3.512125327642972e-05,3.861745056629599e-06,20.300087696062505,0.0,10.0,3.401415189647899e-05,0.0,1.561414833332593e-05,4.962830022980491e-05,0.0,South Africa,ZAF,western cape,,,Windows-10-10.0.19045-SP0,3.11.7,3.2.6,16,AMD Ryzen 7 6800H with Radeon Graphics,0,,18.4259,-33.9258,15.237815856933594,machine,0.0,0,85.51428571428572,13.030145917619976,N,1.0,0.0
2026-08-20T15:01:00,AMD Ryzen 7 6800H_Summarisation_Measured_2,f8c1d6ab-85b4-4b9b-b700-f424808825e1,5b0fa12a-3dd7-45bb-9766-cc326314d9f1,8.07630979998794,2.964248869004704e-05,3.670301093463664e-06,18.96421877646429,0.0,10.0,2.832538671475287e-05,0.0,1.3561111944323382e-05,4.188649865907625e-05,0.0,South Africa,ZAF,western cape,,,Windows-10-10.0.19045-SP0,3.11.7,3.2.6,16,AMD Ryzen 7 6800H with Radeon Graphics,0,,18.4259,-33.9258,15.237815856933594,machine,0.0,0,85.88333333333333,13.082349141438804,N,1.0,0.0
2026-08-20T15:01:09,AMD Ryzen 7 6800H_Summarisation_Measured_3,6ec6f7d9-8119-454c-87ea-c375a2cb9dc3,5b0fa12a-3dd7-45bb-9766-cc326314d9f1,7.347567899996648,2.2968819834181622e-05,3.1260439027983807e-06,18.676199130750003,0.0,10.0,2.218102924274384e-05,0.0,1.027520111108768e-05,3.245623035383153e-05,0.0,South Africa,ZAF,western cape,,,Windows-10-10.0.19045-SP0,3.11.7,3.2.6,16,AMD Ryzen 7 6800H with Radeon Graphics,0,,18.4259,-33.9258,15.237815856933594,machine,0.0,0,86.13999999999999,13.122811889648435,N,1.0,0.0
2026-08-20T15:01:21,AMD Ryzen 7 6800H_Logical Reasoning_Warmup,f1b4f177-2f64-4917-85d2-b7002087e5fd,5b0fa12a-3dd7-45bb-9766-cc326314d9f1,11.243089800002052,3.308044759864578e-05,2.942291504123692e-06,18.043197713775,0.0,10.0,3.1196895428785777e-05,0.0,1.5547631944435934e-05,4.674452737322171e-05,0.0,South Africa,ZAF,western cape,,,Windows-10-10.0.19045-SP0,3.11.7,3.2.6,16,AMD Ryzen 7 6800H with Radeon Graphics,0,,18.4259,-33.9258,15.237815856933594,machine,0.0,0,85.92222222222223,13.089316897922092,N,1.0,0.0
2026-08-20T15:01:34,AMD Ryzen 7 6800H_Logical Reasoning_Measured_1,97fd660c-1706-424a-bd32-fc40d1d50584,5b0fa12a-3dd7-45bb-9766-cc326314d9f1,11.36801910000213,3.3511623766764245e-05,2.9478859484637887e-06,17.6642274141,0.0,10.0,3.15565423649687e-05,0.0,1.579726111109873e-05,4.7353803476067416e-05,0.0,South Africa,ZAF,western cape,,,Windows-10-10.0.19045-SP0,3.11.7,3.2.6,16,AMD Ryzen 7 6800H with Radeon Graphics,0,,18.4259,-33.9258,15.237815856933594,machine,8.333333333333334,0,86.18888888888891,13.13593504163954,N,1.0,0.0
2026-08-20T15:01:43,AMD Ryzen 7 6800H_Logical Reasoning_Measured_2,d3383b5f-7867-468e-bb27-2502316065bd,5b0fa12a-3dd7-45bb-9766-cc326314d9f1,7.951782000003732,2.7620393238821307e-05,3.4734847156031624e-06,16.88921217096429,0.0,10.0,2.509828301289413e-05,0.0,1.3930881388862166e-05,3.9029164401756296e-05,0.0,South Africa,ZAF,western cape,,,Windows-10-10.0.19045-SP0,3.11.7,3.2.6,16,AMD Ryzen 7 6800H with Radeon Graphics,0,,18.4259,-33.9258,15.237815856933594,machine,0.0,0,86.59999999999998,13.202058792114258,N,1.0,0.0
2026-08-20T15:01:51,AMD Ryzen 7 6800H_Logical Reasoning_Measured_3,b027fc58-4cdc-4a94-8c36-2c03c1a04f39,5b0fa12a-3dd7-45bb-9766-cc326314d9f1,6.841769100006786,2.270209816233808e-05,3.3181619885879463e-06,14.872265686125004,0.0,10.0,1.986702962010505e-05,0.0,1.2212308055556302e-05,3.2079337675661354e-05,0.0,South Africa,ZAF,western cape,,,Windows-10-10.0.19045-SP0,3.11.7,3.2.6,16,AMD Ryzen 7 6800H with Radeon Graphics,0,,18.4259,-33.9258,15.237815856933594,machine,0.0,0,86.74000000000001,13.22343521118164,N,1.0,0.0
2026-08-20T15:02:06,AMD Ryzen 7 6800H_Mathematical Reasoning_Warmup,66c1c1a1-8e37-4cff-8f0a-b873c08e27d7,5b0fa12a-3dd7-45bb-9766-cc326314d9f1,14.104429700004404,4.580003449269894e-05,3.247209243255305e-06,18.285093201980768,0.0,10.0,4.3015417711782434e-05,0.0,2.1702599166746952e-05,6.471801687852938e-05,0.0,South Africa,ZAF,western cape,,,Windows-10-10.0.19045-SP0,3.11.7,3.2.6,16,AMD Ryzen 7 6800H with Radeon Graphics,0,,18.4259,-33.9258,15.237815856933594,machine,0.0,0,87.49166666666667,13.33166217803955,N,1.0,0.0
2026-08-20T15:02:23,AMD Ryzen 7 6800H_Mathematical Reasoning_Measured_1,6428d5b8-1eea-4b9c-83fc-0ca38905998b,5b0fa12a-3dd7-45bb-9766-cc326314d9f1,16.008724799990887,4.969889157265655e-05,3.1044878460703404e-06,18.06769921995,0.0,10.0,4.668889110818925e-05,0.0,2.353842944450864e-05,7.022732055269787e-05,0.0,South Africa,ZAF,western cape,,,Windows-10-10.0.19045-SP0,3.11.7,3.2.6,16,AMD Ryzen 7 6800H with Radeon Graphics,0,,18.4259,-33.9258,15.237815856933594,machine,0.0,0,87.62857142857145,13.35168865748814,N,1.0,0.0
2026-08-20T15:02:41,AMD Ryzen 7 6800H_Mathematical Reasoning_Measured_2,0577c6ae-1c27-4492-9715-53291eb74061,5b0fa12a-3dd7-45bb-9766-cc326314d9f1,16.82728899999347,4.870441221681396e-05,2.894370698502466e-06,16.62831910715625,0.0,10.0,4.45349485151708e-05,0.0,2.4287116944388905e-05,6.882206545955969e-05,0.0,South Africa,ZAF,western cape,,,Windows-10-10.0.19045-SP0,3.11.7,3.2.6,16,AMD Ryzen 7 6800H with Radeon Graphics,0,,18.4259,-33.9258,15.237815856933594,machine,0.0,0,88.33999999999997,13.462255096435548,N,1.0,0.0
2026-08-20T15:03:03,AMD Ryzen 7 6800H_Mathematical Reasoning_Measured_3,f4fb6c55-f82f-4885-829d-fc46b06c50f8,5b0fa12a-3dd7-45bb-9766-cc326314d9f1,21.528915400005644,5.932715412809441e-05,2.755696375121566e-06,17.426095313625,0.0,10.0,5.554517709461234e-05,0.0,2.8287418333436822e-05,8.383259542804917e-05,0.0,South Africa,ZAF,western cape,,,Windows-10-10.0.19045-SP0,3.11.7,3.2.6,16,AMD Ryzen 7 6800H with Radeon Graphics,0,,18.4259,-33.9258,15.237815856933594,machine,0.0,0,88.3842105263158,13.469345494320518,N,1.0,0.0
2026-08-20T15:03:39,AMD Ryzen 7 6800H_Code Generation_Warmup,ac129345-b216-4df1-885c-d902c76efd4e,5b0fa12a-3dd7-45bb-9766-cc326314d9f1,34.163080899990746,9.775873235679064e-05,2.861531506569044e-06,18.02818192745456,0.0,10.0,9.237038626837106e-05,0.0,4.576818416652615e-05,0.0001381385704348,0.0,South Africa,ZAF,western cape,,,Windows-10-10.0.19045-SP0,3.11.7,3.2.6,16,AMD Ryzen 7 6800H with Radeon Graphics,0,,18.4259,-33.9258,15.237815856933594,machine,0.0,0,88.53125000000001,13.489538311958311,N,1.0,0.0
2026-08-20T15:04:12,AMD Ryzen 7 6800H_Code Generation_Measured_1,2f8ddae7-f831-43b3-961b-3314e762024f,5b0fa12a-3dd7-45bb-9766-cc326314d9f1,32.749332400009735,8.862959880814529e-05,2.706302459103531e-06,17.784115385153225,0.0,10.0,8.33727081115396e-05,0.0,4.186588472221048e-05,0.0001252385928337,0.0,South Africa,ZAF,western cape,,,Windows-10-10.0.19045-SP0,3.11.7,3.2.6,16,AMD Ryzen 7 6800H with Radeon Graphics,0,,18.4259,-33.9258,15.237815856933594,machine,0.0,0,88.25666666666666,13.447666549682618,N,1.0,0.0
2026-08-20T15:04:44,AMD Ryzen 7 6800H_Code Generation_Measured_2,635cfc9a-3e84-4ca8-8984-acd18bd44269,5b0fa12a-3dd7-45bb-9766-cc326314d9f1,30.55119340000965,8.484769977830388e-05,2.777230292361577e-06,17.850440925232764,0.0,10.0,8.031253410935046e-05,0.0,3.958202333322131e-05,0.0001198945574425,0.0,South Africa,ZAF,western cape,,,Windows-10-10.0.19045-SP0,3.11.7,3.2.6,16,AMD Ryzen 7 6800H with Radeon Graphics,0,,18.4259,-33.9258,15.237815856933594,machine,0.0,0,87.56071428571431,13.341433252607072,N,1.0,0.0
2026-08-20T15:05:32,AMD Ryzen 7 6800H_Code Generation_Measured_3,de9751a5-9fb4-44dd-b001-09b1e2a7adc8,5b0fa12a-3dd7-45bb-9766-cc326314d9f1,46.34213849999651,0.0001396428495161,3.013301803414839e-06,20.46574426725001,0.0,10.0,0.0001387421920999,0.0,5.8580984444617775e-05,0.0001973231765445,0.0,South Africa,ZAF,western cape,,,Windows-10-10.0.19045-SP0,3.11.7,3.2.6,16,AMD Ryzen 7 6800H with Radeon Graphics,0,,18.4259,-33.9258,15.237815856933594,machine,0.0,0,87.97045454545453,13.406891649419611,N,1.0,0.0
2026-08-20T16:02:23,AMD Ryzen 7 6800H_Knowledge Retrieval_Warmup,ff04cfaa-7a28-4c32-a61c-fdd429b3d2b0,5b0fa12a-3dd7-45bb-9766-cc326314d9f1,20.78416290000314,6.83053074857155e-05,3.28641128412755e-06,25.256754826105265,0.0,10.0,6.973107705337105e-05,0.0,2.678815250001208e-05,9.651922955338314e-05,0.0,South Africa,ZAF,western cape,,,Windows-10-10.0.19045-SP0,3.11.7,3.2.6,16,AMD Ryzen 7 6800H with Radeon Graphics,0,,18.4259,-33.9258,15.237815856933594,machine,5.555555555555555,0,95.73888888888888,14.591553158230251,N,1.0,0.0
2026-08-20T16:02:42,AMD Ryzen 7 6800H_Knowledge Retrieval_Measured_1,fde6bf82-0fa1-44d3-b087-23d91a80a24e,5b0fa12a-3dd7-45bb-9766-cc326314d9f1,16.372519200012903,7.726729589800947e-05,4.719328464610906e-06,32.6671851051,0.0,10.0,8.610399170450619e-05,0.0,2.3079030000048487e-05,0.0001091830217045,0.0,South Africa,ZAF,western cape,,,Windows-10-10.0.19045-SP0,3.11.7,3.2.6,16,AMD Ryzen 7 6800H with Radeon Graphics,0,,18.4232,-33.9258,15.237815856933594,machine,7.142857142857143,0,97.61428571428571,14.876626423427036,N,1.0,0.0
2026-08-20T16:02:57,AMD Ryzen 7 6800H_Knowledge Retrieval_Measured_2,8dd74cf3-8831-4c2f-9a54-13711dc6605a,5b0fa12a-3dd7-45bb-9766-cc326314d9f1,12.886697399997502,4.937745914796463e-05,3.831661256201624e-06,22.7865548780625,0.0,10.0,5.266079962408384e-05,0.0,1.7112318888878995e-05,6.977311851296284e-05,0.0,South Africa,ZAF,western cape,,,Windows-10-10.0.19045-SP0,3.11.7,3.2.6,16,AMD Ryzen 7 6800H with Radeon Graphics,0,,18.4259,-33.9258,15.237815856933594,machine,16.439999999999998,0,97.67000000000002,14.883193969726562,N,1.0,0.0
2026-08-20T16:03:13,AMD Ryzen 7 6800H_Knowledge Retrieval_Measured_3,95bda482-52d6-420b-802b-b5b1f28c1347,5b0fa12a-3dd7-45bb-9766-cc326314d9f1,14.82566700001189,5.372870505842309e-05,3.624032905796414e-06,24.852607876211543,0.0,10.0,5.796138658250325e-05,0.0,1.7960286388875425e-05,7.592167297137868e-05,0.0,South Africa,ZAF,western cape,,,Windows-10-10.0.19045-SP0,3.11.7,3.2.6,16,AMD Ryzen 7 6800H with Radeon Graphics,0,,18.4259,-33.9258,15.237815856933594,machine,0.0,0,97.10833333333332,14.798612594604492,N,1.0,0.0
2026-08-20T16:03:24,AMD Ryzen 7 6800H_Summarisation_Warmup,51785d7b-2927-4730-bf8a-0daff69deb37,5b0fa12a-3dd7-45bb-9766-cc326314d9f1,10.41902050000499,3.085249952726137e-05,2.961170824766742e-06,18.78151677975,0.0,10.0,2.8649781543118985e-05,0.0,1.4946530277747011e-05,4.359631182086599e-05,0.0,South Africa,ZAF,western cape,,,Windows-10-10.0.19045-SP0,3.11.7,3.2.6,16,AMD Ryzen 7 6800H with Radeon Graphics,0,,18.4259,-33.9258,15.237815856933594,machine,0.0,0,97.0,14.778180122375488,N,1.0,0.0
2026-08-20T16:03:32,AMD Ryzen 7 6800H_Summarisation_Measured_1,7643dd72-445c-450e-af6f-19a22d65a5b2,5b0fa12a-3dd7-45bb-9766-cc326314d9f1,6.782737700006692,2.561008490537995e-05,3.775774036692394e-06,18.781395936,0.0,10.0,2.5406841558370977e-05,0.0,1.0781644444432455e-05,3.618848600280343e-05,0.0,South Africa,ZAF,western cape,,,Windows-10-10.0.19045-SP0,3.11.7,3.2.6,16,AMD Ryzen 7 6800H with Radeon Graphics,0,,18.4259,-33.9258,15.237815856933594,machine,0.0,0,97.275,14.82242488861084,N,1.0,0.0
2026-08-20T16:03:41,AMD Ryzen 7 6800H_Summarisation_Measured_2,93b6a7a3-328c-43ac-9e50-219d3902d78b,5b0fa12a-3dd7-45bb-9766-cc326314d9f1,7.623764699994354,2.4000639189777693e-05,3.1481348302624645e-06,15.639169339928571,0.0,10.0,2.2216092849327584e-05,0.0,1.1698156111055544e-05,3.3914248960383126e-05,0.0,South Africa,ZAF,western cape,,,Windows-10-10.0.19045-SP0,3.11.7,3.2.6,16,AMD Ryzen 7 6800H with Radeon Graphics,0,,18.4259,-33.9258,15.237815856933594,machine,20.0,0,97.18,14.807891082763671,N,1.0,0.0
2026-08-20T16:03:51,AMD Ryzen 7 6800H_Summarisation_Measured_3,d384dfd1-40e5-44c9-9129-7c6ff0266bd8,5b0fa12a-3dd7-45bb-9766-cc326314d9f1,7.731616200006101,2.8107517991984176e-05,3.635400059299632e-06,18.228805540714283,0.0,10.0,2.638547399243863e-05,0.0,1.3332025000030018e-05,3.9717498992468655e-05,0.0,South Africa,ZAF,western cape,,,Windows-10-10.0.19045-SP0,3.11.7,3.2.6,16,AMD Ryzen 7 6800H with Radeon Graphics,0,,18.4259,-33.9258,15.237815856933594,machine,0.0,0,97.26666666666668,14.821987915039063,N,1.0,0.0
2026-08-20T16:04:03,AMD Ryzen 7 6800H_Logical Reasoning_Warmup,bd5882d2-ae35-431a-bc49-8e25a8d058a7,5b0fa12a-3dd7-45bb-9766-cc326314d9f1,11.27930720000586,3.39181156366605e-05,3.007109837086703e-06,18.336544396425,0.0,10.0,3.2617490114720235e-05,0.0,1.5310709166684927e-05,4.7928199281405165e-05,0.0,South Africa,ZAF,western cape,,,Windows-10-10.0.19045-SP0,3.11.7,3.2.6,16,AMD Ryzen 7 6800H with Radeon Graphics,0,,18.4259,-33.9258,15.237815856933594,machine,0.0,0,97.48888888888888,14.853045993381077,N,1.0,0.0
2026-08-20T16:04:11,AMD Ryzen 7 6800H_Logical Reasoning_Measured_1,17ccaf86-0e73-432d-a191-427804e30d13,5b0fa12a-3dd7-45bb-9766-cc326314d9f1,7.056882599994424,2.8029664307368187e-05,3.971961260541636e-06,17.69837483175,0.0,10.0,2.712420209279219e-05,0.0,1.2483285277832895e-05,3.960748737062509e-05,0.0,South Africa,ZAF,western cape,,,Windows-10-10.0.19045-SP0,3.11.7,3.2.6,16,AMD Ryzen 7 6800H with Radeon Graphics,0,,18.4259,-33.9258,15.237815856933594,machine,0.0,0,90.0,13.723529815673828,N,1.0,0.0
2026-08-20T16:04:21,AMD Ryzen 7 6800H_Logical Reasoning_Measured_2,c100c63e-53ea-45dd-9ad0-f450eee5c1ef,5b0fa12a-3dd7-45bb-9766-cc326314d9f1,8.261161299989908,2.4844324747818942e-05,3.0073646846538747e-06,16.67453189335715,0.0,10.0,2.339625229515531e-05,0.0,1.1710171666628512e-05,3.510642396178382e-05,0.0,South Africa,ZAF,western cape,,,Windows-10-10.0.19045-SP0,3.11.7,3.2.6,16,AMD Ryzen 7 6800H with Radeon Graphics,0,,18.4259,-33.9258,15.237815856933594,machine,0.0,0,90.0,13.7147585550944,N,1.0,0.0
2026-08-20T16:04:31,AMD Ryzen 7 6800H_Logical Reasoning_Measured_3,d1b79b69-5d8b-484f-b09a-4e02428f2327,5b0fa12a-3dd7-45bb-9766-cc326314d9f1,8.908481100006611,3.206712763990014e-05,3.5996178562781417e-06,18.190960997343755,0.0,10.0,3.035444528505531e-05,0.0,1.4958204166679128e-05,4.531264945173444e-05,0.0,South Africa,ZAF,western cape,,,Windows-10-10.0.19045-SP0,3.11.7,3.2.6,16,AMD Ryzen 7 6800H with Radeon Graphics,0,,18.4259,-33.9258,15.237815856933594,machine,0.0,0,90.07142857142856,13.724522726876396,N,1.0,0.0
2026-08-20T16:04:53,AMD Ryzen 7 6800H_Mathematical Reasoning_Warmup,27d43faf-2f3a-4451-a2cc-dd6f891153a4,5b0fa12a-3dd7-45bb-9766-cc326314d9f1,20.66331660001015,6.293965431781075e-05,3.045960894669728e-06,19.73785398998685,0.0,10.0,6.165383159269806e-05,0.0,2.728342916674996e-05,8.893726075944804e-05,0.0,South Africa,ZAF,western cape,,,Windows-10-10.0.19045-SP0,3.11.7,3.2.6,16,AMD Ryzen 7 6800H with Radeon Graphics,0,,18.4259,-33.9258,15.237815856933594,machine,0.0,0,90.29444444444444,13.764778772989908,N,1.0,0.0
2026-08-20T16:05:06,AMD Ryzen 7 6800H_Mathematical Reasoning_Measured_1,13735679-3894-4f4c-bd3e-d60832c85272,5b0fa12a-3dd7-45bb-9766-cc326314d9f1,12.221617499992137,3.641467804153169e-05,2.979530167881225e-06,19.7706610935,0.0,10.0,3.541070250446876e-05,0.0,1.6045279444491218e-05,5.145598194895998e-05,0.0,South Africa,ZAF,western cape,,,Windows-10-10.0.19045-SP0,3.11.7,3.2.6,16,AMD Ryzen 7 6800H with Radeon Graphics,0,,18.4259,-33.9258,15.237815856933594,machine,0.0,0,92.37000000000002,14.072593307495117,N,1.0,0.0
2026-08-20T16:05:23,AMD Ryzen 7 6800H_Mathematical Reasoning_Measured_2,c6739360-88e5-4e75-841b-f242bc69e4c4,5b0fa12a-3dd7-45bb-9766-cc326314d9f1,15.102549600007478,4.445448251820448e-05,2.9435084601994924e-06,16.73298878544643,0.0,10.0,3.985639510061269e-05,0.0,2.2960281388966703e-05,6.281667648957938e-05,0.0,South Africa,ZAF,western cape,,,Windows-10-10.0.19045-SP0,3.11.7,3.2.6,16,AMD Ryzen 7 6800H with Radeon Graphics,0,,18.4259,-33.9258,15.237815856933594,machine,0.0,0,92.43076923076924,14.08606485220102,N,1.0,0.0
2026-08-20T16:05:36,AMD Ryzen 7 6800H_Mathematical Reasoning_Measured_3,212926e8-e793-44e9-a48a-c2a3b416e503,5b0fa12a-3dd7-45bb-9766-cc326314d9f1,12.25246609999158,3.314058108294791e-05,2.7048090410934243e-06,16.00295811402273,0.0,10.0,3.025460408067933e-05,0.0,1.6574895277719605e-05,4.682949935839894e-05,0.0,South Africa,ZAF,western cape,,,Windows-10-10.0.19045-SP0,3.11.7,3.2.6,16,AMD Ryzen 7 6800H with Radeon Graphics,0,,18.4259,-33.9258,15.237815856933594,machine,0.0,0,92.7,14.12231559753418,N,1.0,0.0
2026-08-20T16:06:14,AMD Ryzen 7 6800H_Code Generation_Warmup,3df2047b-f296-44ed-86ba-6bb18e30f178,5b0fa12a-3dd7-45bb-9766-cc326314d9f1,36.92279810000037,9.727578599237116e-05,2.6345724321573072e-06,15.98011489125,0.0,10.0,8.954869930859851e-05,0.0,4.790744083317501e-05,0.0001374561401417,0.0,South Africa,ZAF,western cape,,,Windows-10-10.0.19045-SP0,3.11.7,3.2.6,16,AMD Ryzen 7 6800H with Radeon Graphics,0,,18.4259,-33.9258,15.237815856933594,machine,0.0,0,92.88571428571429,14.152742004394533,N,1.0,0.0
2026-08-20T16:06:43,AMD Ryzen 7 6800H_Code Generation_Measured_1,fc1847f3-2a53-4691-828f-24bc7545426d,5b0fa12a-3dd7-45bb-9766-cc326314d9f1,27.665772699998342,8.447256777412206e-05,3.053324000385759e-06,20.072712462490383,0.0,10.0,8.355622683036487e-05,0.0,3.580824805556202e-05,0.0001193644748859,0.0,South Africa,ZAF,western cape,,,Windows-10-10.0.19045-SP0,3.11.7,3.2.6,16,AMD Ryzen 7 6800H with Radeon Graphics,0,,18.4259,-33.9258,15.237815856933594,machine,4.0,0,93.88,14.303872985839844,N,1.0,0.0
2026-08-20T16:07:20,AMD Ryzen 7 6800H_Code Generation_Measured_2,43b3fd7b-7b1b-4c57-9d20-6ed0971d6ebf,5b0fa12a-3dd7-45bb-9766-cc326314d9f1,35.890851300006034,9.480351091888514e-05,2.6414394611718e-06,15.746726952771429,0.0,10.0,8.690373155760165e-05,0.0,4.705894527772519e-05,0.0001339626768353,0.0,South Africa,ZAF,western cape,,,Windows-10-10.0.19045-SP0,3.11.7,3.2.6,16,AMD Ryzen 7 6800H with Radeon Graphics,0,,18.4259,-33.9258,15.237815856933594,machine,2.021212121212121,0,94.30303030303028,14.36663055419922,N,1.0,0.0
2026-08-20T16:07:57,AMD Ryzen 7 6800H_Code Generation_Measured_3,bbe57bba-0a6d-4f5c-ac5b-07b7dd1b58b9,5b0fa12a-3dd7-45bb-9766-cc326314d9f1,35.75265700000455,9.585140481724074e-05,2.6809589233389995e-06,18.907662906264708,0.0,10.0,9.302704522768526e-05,0.0,4.241636444445854e-05,0.0001354434096721,0.0,South Africa,ZAF,western cape,,,Windows-10-10.0.19045-SP0,3.11.7,3.2.6,16,AMD Ryzen 7 6800H with Radeon Graphics,0,,18.4259,-33.9258,15.237815856933594,machine,0.0,0,94.5882352941176,14.411401412066292,N,1.0,0.0
2026-08-20T16:09:33,AMD Ryzen 7 6800H_Knowledge Retrieval_Warmup,dcc5f534-e307-4672-bb54-ea32e6c6d73f,5b0fa12a-3dd7-45bb-9766-cc326314d9f1,13.51301439999952,4.73540943425414e-05,3.5043324117632173e-06,22.625757419625003,0.0,10.0,4.846552892029035e-05,0.0,1.844846166669514e-05,6.691399058698547e-05,0.0,South Africa,ZAF,western cape,,,Windows-10-10.0.19045-SP0,3.11.7,3.2.6,16,AMD Ryzen 7 6800H with Radeon Graphics,0,,18.4259,-33.9258,15.237815856933594,machine,0.0,0,93.0,14.169545953924006,N,1.0,0.0
2026-08-20T16:09:47,AMD Ryzen 7 6800H_Knowledge Retrieval_Measured_1,880a7e4b-c456-4e24-9da9-93e73926a442,5b0fa12a-3dd7-45bb-9766-cc326314d9f1,12.321576700007428,4.029339271755319e-05,3.27014908063908e-06,20.85679684165909,0.0,10.0,4.080983216574832e-05,0.0,1.612699111117561e-05,5.693682327692393e-05,0.0,South Africa,ZAF,western cape,,,Windows-10-10.0.19045-SP0,3.11.7,3.2.6,16,AMD Ryzen 7 6800H with Radeon Graphics,0,,18.4259,-33.9258,15.237815856933594,machine,0.0,0,92.94999999999996,14.163443756103517,N,1.0,0.0
2026-08-20T16:10:01,AMD Ryzen 7 6800H_Knowledge Retrieval_Measured_2,ffa88dbc-23e1-43ae-a8d2-5f41581a851a,5b0fa12a-3dd7-45bb-9766-cc326314d9f1,12.500660000005157,3.670511901778088e-05,2.936254487184336e-06,18.687165811568185,0.0,10.0,3.534371411196294e-05,0.0,1.6522677222302364e-05,5.18663913342653e-05,0.0,South Africa,ZAF,western cape,,,Windows-10-10.0.19045-SP0,3.11.7,3.2.6,16,AMD Ryzen 7 6800H with Radeon Graphics,0,,18.4259,-33.9258,15.237815856933594,machine,0.0,0,93.54,14.25012550354004,N,1.0,0.0
2026-08-20T16:10:16,AMD Ryzen 7 6800H_Knowledge Retrieval_Measured_3,7e4997b7-bbdf-4813-a654-c61b55ec3675,5b0fa12a-3dd7-45bb-9766-cc326314d9f1,13.736736000006204,5.142144885961851e-05,3.743352777515364e-06,22.858579241480776,0.0,10.0,5.232370836577252e-05,0.0,2.033768222216976e-05,7.266139058794227e-05,0.0,South Africa,ZAF,western cape,,,Windows-10-10.0.19045-SP0,3.11.7,3.2.6,16,AMD Ryzen 7 6800H with Radeon Graphics,0,,18.4259,-33.9258,15.237815856933594,machine,0.0,0,93.7909090909091,14.297726024280896,N,1.0,0.0
2026-08-20T16:10:24,AMD Ryzen 7 6800H_Summarisation_Warmup,b45ba628-2bbb-4ec3-9f5d-74d4d1640e63,5b0fa12a-3dd7-45bb-9766-cc326314d9f1,6.7282509000069695,2.5164697131796366e-05,3.7401543886792776e-06,17.4366485325,0.0,10.0,2.4047325048979552e-05,0.0,1.1511803055570153e-05,3.555912810454971e-05,0.0,South Africa,ZAF,western cape,,,Windows-10-10.0.19045-SP0,3.11.7,3.2.6,16,AMD Ryzen 7 6800H with Radeon Graphics,0,,18.4259,-33.9258,15.237815856933594,machine,0.0,0,94.0,14.321038055419924,N,1.0,0.0
2026-08-20T16:10:33,AMD Ryzen 7 6800H_Summarisation_Measured_1,2f72eb4b-19a5-4460-a289-67f1ac98ac29,5b0fa12a-3dd7-45bb-9766-cc326314d9f1,7.233511600003112,2.1119398681873785e-05,2.919660581157386e-06,17.86581170775,0.0,10.0,2.0143186229858164e-05,0.0,9.699708333371544e-06,2.984289456322971e-05,0.0,South Africa,ZAF,western cape,,,Windows-10-10.0.19045-SP0,3.11.7,3.2.6,16,AMD Ryzen 7 6800H with Radeon Graphics,0,,18.4259,-33.9258,15.237815856933594,machine,0.0,0,93.84,14.30143051147461,N,1.0,0.0
2026-08-20T16:10:42,AMD Ryzen 7 6800H_Summarisation_Measured_2,2a34e669-12d8-47d8-9d7c-4a7143f2072b,5b0fa12a-3dd7-45bb-9766-cc326314d9f1,7.586480600002687,2.414079645464996e-05,3.182081089700725e-06,17.660063039624998,0.0,10.0,2.2835743201351248e-05,0.0,1.1276555833319436e-05,3.4112299034670684e-05,0.0,South Africa,ZAF,western cape,,,Windows-10-10.0.19045-SP0,3.11.7,3.2.6,16,AMD Ryzen 7 6800H with Radeon Graphics,0,,18.4259,-33.9258,15.237815856933594,machine,0.0,0,93.9,14.30625,N,1.0,0.0
2026-08-20T16:10:51,AMD Ryzen 7 6800H_Summarisation_Measured_3,e2037df4-22e9-4183-8454-09dddc5498f6,5b0fa12a-3dd7-45bb-9766-cc326314d9f1,7.59277230000589,2.57134233272989e-05,3.3865658433190407e-06,18.875068542,0.0,10.0,2.4759516209692225e-05,0.0,1.1574992777766762e-05,3.6334508987458986e-05,0.0,South Africa,ZAF,western cape,,,Windows-10-10.0.19045-SP0,3.11.7,3.2.6,16,AMD Ryzen 7 6800H with Radeon Graphics,0,,18.4259,-33.9258,15.237815856933594,machine,0.0,0,93.7,14.277109527587893,N,1.0,0.0
2026-08-20T16:11:03,AMD Ryzen 7 6800H_Logical Reasoning_Warmup,4971ac11-24dd-465b-9a9a-7386e0c871ca,5b0fa12a-3dd7-45bb-9766-cc326314d9f1,11.044642799999565,3.86502586476432e-05,3.4994575512794963e-06,20.51902453905,0.0,10.0,3.766183075639161e-05,0.0,1.6953151944471757e-05,5.4614982700863374e-05,0.0,South Africa,ZAF,western cape,,,Windows-10-10.0.19045-SP0,3.11.7,3.2.6,16,AMD Ryzen 7 6800H with Radeon Graphics,0,,18.4259,-33.9258,15.237815856933594,machine,0.0,0,94.0,14.319201151529947,N,1.0,0.0
2026-08-20T16:11:12,AMD Ryzen 7 6800H_Logical Reasoning_Measured_1,c551d351-968f-4896-a1d7-a9708d709fd9,5b0fa12a-3dd7-45bb-9766-cc326314d9f1,8.359553500005859,2.3497764178537783e-05,2.810887468872747e-06,15.686958264428569,0.0,10.0,2.1153311705157093e-05,0.0,1.2050346666688308e-05,3.32036583718454e-05,0.0,South Africa,ZAF,western cape,,,Windows-10-10.0.19045-SP0,3.11.7,3.2.6,16,AMD Ryzen 7 6800H with Radeon Graphics,0,,18.4259,-33.9258,15.237815856933594,machine,0.0,0,93.8,14.291060129801432,N,1.0,0.0
2026-08-20T16:11:22,AMD Ryzen 7 6800H_Logical Reasoning_Measured_2,e855a1a3-c062-4a51-9e82-31932c886ac4,5b0fa12a-3dd7-45bb-9766-cc326314d9f1,8.38139450000017,2.404121846721368e-05,2.8684031597860225e-06,15.38013818507143,0.0,10.0,2.1765718088108127e-05,0.0,1.220587166668944e-05,3.397158975479757e-05,0.0,South Africa,ZAF,western cape,,,Windows-10-10.0.19045-SP0,3.11.7,3.2.6,16,AMD Ryzen 7 6800H with Radeon Graphics,0,,18.4259,-33.9258,15.237815856933594,machine,14.816666666666668,0,93.88333333333333,14.304563522338867,N,1.0,0.0
2026-08-20T16:11:32,AMD Ryzen 7 6800H_Logical Reasoning_Measured_3,98421c86-157e-468f-852a-f53d0e55874d,5b0fa12a-3dd7-45bb-9766-cc326314d9f1,8.5012229999993,2.3143929349298888e-05,2.7224235088646416e-06,15.334920092250002,0.0,10.0,2.0824762973242744e-05,0.0,1.187890694434625e-05,3.2703669917588995e-05,0.0,South Africa,ZAF,western cape,,,Windows-10-10.0.19045-SP0,3.11.7,3.2.6,16,AMD Ryzen 7 6800H with Radeon Graphics,0,,18.4259,-33.9258,15.237815856933594,machine,0.0,0,93.7,14.277493158976236,N,1.0,0.0
2026-08-20T16:11:48,AMD Ryzen 7 6800H_Mathematical Reasoning_Warmup,a4a24cfd-d8a9-423c-8691-999fdb6163a7,5b0fa12a-3dd7-45bb-9766-cc326314d9f1,13.800178100005724,2.2106829217789085e-07,1.6019234721166327e-08,15.530528693769233,0.0,10.0,3.580427929500238e-05,0.0,2.034211611118937e-05,5.614639540619173e-05,0.0,Canada,CAN,quebec,,,Windows-10-10.0.19045-SP0,3.11.7,3.2.6,16,AMD Ryzen 7 6800H with Radeon Graphics,0,,-71.2,46.8,15.237815856933594,machine,0.0,0,93.72499999999998,14.281273206075031,N,1.0,0.0
2026-08-20T16:12:09,AMD Ryzen 7 6800H_Mathematical Reasoning_Measured_1,5421ffe3-6361-4ad7-a865-1284bf90d405,5b0fa12a-3dd7-45bb-9766-cc326314d9f1,20.094844999999623,5.738677005253987e-05,2.855795605914897e-06,16.369866864118425,0.0,10.0,5.2480086982027415e-05,0.0,2.861063694431828e-05,8.109072392634568e-05,0.0,South Africa,ZAF,western cape,,,Windows-10-10.0.19045-SP0,3.11.7,3.2.6,16,AMD Ryzen 7 6800H with Radeon Graphics,0,,18.4259,-33.9258,15.237815856933594,machine,0.0,0,93.71666666666668,14.282651901245115,N,1.0,0.0
2026-08-20T16:12:21,AMD Ryzen 7 6800H_Mathematical Reasoning_Measured_2,8704c763-94e4-447b-b990-83a42e483ce0,5b0fa12a-3dd7-45bb-9766-cc326314d9f1,10.545041300007142,3.052627146293016e-05,2.894846079257127e-06,16.209779517,0.0,10.0,2.776035521777457e-05,0.0,1.5374978055640694e-05,4.313533327341526e-05,0.0,South Africa,ZAF,western cape,,,Windows-10-10.0.19045-SP0,3.11.7,3.2.6,16,AMD Ryzen 7 6800H with Radeon Graphics,0,,18.4259,-33.9258,15.237815856933594,machine,0.0,0,94.125,14.340960502624512,N,1.0,0.0
2026-08-20T16:12:44,AMD Ryzen 7 6800H_Mathematical Reasoning_Measured_3,cbd11576-14df-45d2-999e-62e534da7a0a,5b0fa12a-3dd7-45bb-9766-cc326314d9f1,20.626742199994624,5.480489939908759e-05,2.6569828074499263e-06,16.096903939894737,0.0,10.0,5.022379758675052e-05,0.0,2.721859833331514e-05,7.744239592006566e-05,0.0,South Africa,ZAF,western cape,,,Windows-10-10.0.19045-SP0,3.11.7,3.2.6,16,AMD Ryzen 7 6800H with Radeon Graphics,0,,18.4259,-33.9258,15.237815856933594,machine,0.0,0,94.4722222222222,14.39336395263672,N,1.0,0.0
2026-08-20T16:13:17,AMD Ryzen 7 6800H_Code Generation_Warmup,814ec4ac-f20d-4a0f-a129-18e110055d1d,5b0fa12a-3dd7-45bb-9766-cc326314d9f1,32.656393400000525,8.608721653415256e-05,2.636151992649353e-06,16.605595599459672,0.0,10.0,7.995526328852964e-05,0.0,4.169080083334444e-05,0.0001216460641218,0.0,South Africa,ZAF,western cape,,,Windows-10-10.0.19045-SP0,3.11.7,3.2.6,16,AMD Ryzen 7 6800H with Radeon Graphics,0,,18.4259,-33.9258,15.237815856933594,machine,0.0,0,94.55666666666666,14.409482701619464,N,1.0,0.0
2026-08-20T16:13:47,AMD Ryzen 7 6800H_Code Generation_Measured_1,3de47f53-7211-43d6-89bd-acfe08160ef3,5b0fa12a-3dd7-45bb-9766-cc326314d9f1,27.63446270000713,4.21376520832165e-07,1.52482255727757e-08,18.453293526115388,0.0,10.0,7.160068570855044e-05,0.0,3.541951388882201e-05,0.0001070201995973,0.0,Canada,CAN,quebec,,,Windows-10-10.0.19045-SP0,3.11.7,3.2.6,16,AMD Ryzen 7 6800H with Radeon Graphics,0,,-71.2,46.8,15.237815856933594,machine,3.0,0,95.52,14.55430191040039,N,1.0,0.0
2026-08-20T16:14:27,AMD Ryzen 7 6800H_Code Generation_Measured_2,04e97038-0f3c-4673-88d2-05649be2f82f,5b0fa12a-3dd7-45bb-9766-cc326314d9f1,38.10895139999048,0.0001117070179584,2.931254045433386e-06,19.443206077540545,0.0,10.0,0.0001083458201107,0.0,4.950246000003569e-05,0.0001578482801107,0.0,South Africa,ZAF,western cape,,,Windows-10-10.0.19045-SP0,3.11.7,3.2.6,16,AMD Ryzen 7 6800H with Radeon Graphics,0,,18.4259,-33.9258,15.237815856933594,machine,2.183333333333333,0,91.675,13.965493308173286,N,1.0,0.0
2026-08-20T16:15:05,AMD Ryzen 7 6800H_Code Generation_Measured_3,4d5ecd1a-5a66-4f36-a64b-a9090536715b,5b0fa12a-3dd7-45bb-9766-cc326314d9f1,37.73944740000297,9.871527160555672e-05,2.61570527409336e-06,16.6062476265,0.0,10.0,9.12157748626416e-05,0.0,4.82744391666832e-05,0.0001394902140293,0.0,South Africa,ZAF,western cape,,,Windows-10-10.0.19045-SP0,3.11.7,3.2.6,16,AMD Ryzen 7 6800H with Radeon Graphics,0,,18.4259,-33.9258,15.237815856933594,machine,2.0942857142857143,0,89.15428571428569,13.58701422555106,N,1.0,0.0
2026-08-20T16:20:12,AMD Ryzen 7 6800H_Knowledge Retrieval_Warmup,989d80a8-6a96-4145-8654-d3e50f0eaafc,5b0fa12a-3dd7-45bb-9766-cc326314d9f1,12.328413199997158,3.144454613001946e-05,2.550575294639436e-06,13.974020869090907,0.0,10.0,2.7501553534939496e-05,0.0,1.6931353333388363e-05,4.4432906868327846e-05,0.0,South Africa,ZAF,western cape,,,Windows-10-10.0.19045-SP0,3.11.7,3.2.6,16,AMD Ryzen 7 6800H with Radeon Graphics,0,,18.4259,-33.9258,15.237815856933594,machine,0.0,0,88.48,13.480559158325196,N,1.0,0.0
2026-08-20T16:20:26,AMD Ryzen 7 6800H_Knowledge Retrieval_Measured_1,bbac5d5f-250b-42d3-aa81-42780d26afab,5b0fa12a-3dd7-45bb-9766-cc326314d9f1,12.375124199999846,3.317420347168784e-05,2.6807168102351857e-06,14.670477902863638,0.0,10.0,2.97778141234113e-05,0.0,1.70991955555817e-05,4.6877009678993e-05,0.0,South Africa,ZAF,western cape,,,Windows-10-10.0.19045-SP0,3.11.7,3.2.6,16,AMD Ryzen 7 6800H with Radeon Graphics,0,,18.4259,-33.9258,15.237815856933594,machine,0.0,0,88.58000000000001,13.49680519104004,N,1.0,0.0
2026-08-20T16:20:38,AMD Ryzen 7 6800H_Knowledge Retrieval_Measured_2,e0db7402-8eb1-48f7-90b0-760d5ca6701a,5b0fa12a-3dd7-45bb-9766-cc326314d9f1,11.28120929999568,2.8488863714432484e-05,2.525337750310456e-06,14.192049801825004,0.0,10.0,2.4667849103719312e-05,0.0,1.5588512777725958e-05,4.025636188144528e-05,0.0,South Africa,ZAF,western cape,,,Windows-10-10.0.19045-SP0,3.11.7,3.2.6,16,AMD Ryzen 7 6800H with Radeon Graphics,0,,18.4259,-33.9258,15.237815856933594,machine,0.0,0,88.71111111111112,13.512001037597656,N,1.0,0.0
2026-08-20T16:20:53,AMD Ryzen 7 6800H_Knowledge Retrieval_Measured_3,8aeb2658-cf09-4eb8-accd-9e798f4f5024,5b0fa12a-3dd7-45bb-9766-cc326314d9f1,13.390900200000033,3.386641822615003e-05,2.529062103393912e-06,14.108332399875,0.0,10.0,2.9667820441549e-05,0.0,1.8187327499981616e-05,4.785514794153061e-05,0.0,South Africa,ZAF,western cape,,,Windows-10-10.0.19045-SP0,3.11.7,3.2.6,16,AMD Ryzen 7 6800H with Radeon Graphics,0,,18.4259,-33.9258,15.237815856933594,machine,0.0,0,87.69999999999999,13.362542239102453,N,1.0,0.0
2026-08-20T16:21:01,AMD Ryzen 7 6800H_Summarisation_Warmup,f9d4f4ea-8144-4bb0-98a1-e99ba3a8d83d,5b0fa12a-3dd7-45bb-9766-cc326314d9f1,6.8038439999945695,2.050576008603782e-05,3.0138492425831906e-06,12.67776712125,0.0,10.0,1.6896754096574886e-05,0.0,1.2079034722248454e-05,2.8975788818823343e-05,0.0,South Africa,ZAF,western cape,,,Windows-10-10.0.19045-SP0,3.11.7,3.2.6,16,AMD Ryzen 7 6800H with Radeon Graphics,0,,18.4259,-33.9258,15.237815856933594,machine,0.0,0,87.97999999999999,13.407487487792968,N,1.0,0.0
2026-08-20T16:21:11,AMD Ryzen 7 6800H_Summarisation_Measured_1,5e6e6f80-761f-4f92-99b6-e9595c56f263,5b0fa12a-3dd7-45bb-9766-cc326314d9f1,7.580069599993294,2.0525959084701727e-05,2.7078853055280504e-06,13.951217946375005,0.0,10.0,1.800042613663074e-05,0.0,1.1003904999920957e-05,2.9004331136551697e-05,0.0,South Africa,ZAF,western cape,,,Windows-10-10.0.19045-SP0,3.11.7,3.2.6,16,AMD Ryzen 7 6800H with Radeon Graphics,0,,18.4259,-33.9258,15.237815856933594,machine,0.0,0,88.02000000000001,13.417160034179688,N,1.0,0.0
2026-08-20T16:21:19,AMD Ryzen 7 6800H_Summarisation_Measured_2,d4f9e4e6-7f61-4bbf-bfa9-929720207738,5b0fa12a-3dd7-45bb-9766-cc326314d9f1,6.754106500011403,1.977266468202204e-05,2.9275026507190336e-06,12.152068410375,0.0,10.0,1.626458751730469e-05,0.0,1.1675296388865617e-05,2.79398839061703e-05,0.0,South Africa,ZAF,western cape,,,Windows-10-10.0.19045-SP0,3.11.7,3.2.6,16,AMD Ryzen 7 6800H with Radeon Graphics,0,,18.4259,-33.9258,15.237815856933594,machine,0.0,0,87.94,13.402207183837891,N,1.0,0.0
2026-08-20T16:21:27,AMD Ryzen 7 6800H_Summarisation_Measured_3,404536ca-3c9b-4ee5-bfe3-eb740d0df223,5b0fa12a-3dd7-45bb-9766-cc326314d9f1,7.298817400005646,1.9843545653469683e-05,2.718734360097066e-06,14.076493140375,0.0,10.0,1.749256074878806e-05,0.0,1.0547481944538755e-05,2.804004269332682e-05,0.0,South Africa,ZAF,western cape,,,Windows-10-10.0.19045-SP0,3.11.7,3.2.6,16,AMD Ryzen 7 6800H with Radeon Graphics,0,,18.4259,-33.9258,15.237815856933594,machine,0.0,0,88.46000000000001,13.481976318359376,N,1.0,0.0
2026-08-20T16:21:38,AMD Ryzen 7 6800H_Logical Reasoning_Warmup,ca62c35d-a5e9-4cfb-b8a8-96afeeb15182,5b0fa12a-3dd7-45bb-9766-cc326314d9f1,9.537067700002808,2.5941965569092222e-05,2.720119683022129e-06,14.549280359625,0.0,10.0,2.2647776712353704e-05,0.0,1.4009675277783471e-05,3.6657451990137184e-05,0.0,South Africa,ZAF,western cape,,,Windows-10-10.0.19045-SP0,3.11.7,3.2.6,16,AMD Ryzen 7 6800H with Radeon Graphics,0,,18.4259,-33.9258,15.237815856933594,machine,0.0,0,89.0,13.56402860369001,N,1.0,0.0
2026-08-20T16:21:52,AMD Ryzen 7 6800H_Logical Reasoning_Measured_1,777bb33c-f18b-4e9c-b867-e910876b3c53,5b0fa12a-3dd7-45bb-9766-cc326314d9f1,13.099554200001876,3.9424450486210354e-05,3.0096024554946084e-06,15.9687397310625,0.0,10.0,3.5283493346683216e-05,0.0,2.0425465833250204e-05,5.5708959179933406e-05,0.0,South Africa,ZAF,western cape,,,Windows-10-10.0.19045-SP0,3.11.7,3.2.6,16,AMD Ryzen 7 6800H with Radeon Graphics,0,,18.4259,-33.9258,15.237815856933594,machine,0.0,0,88.67272727272727,13.509580091996629,N,1.0,0.0
2026-08-20T16:22:01,AMD Ryzen 7 6800H_Logical Reasoning_Measured_2,460d166c-9bae-42ed-b138-3a89349e7023,5b0fa12a-3dd7-45bb-9766-cc326314d9f1,8.104716800007736,2.7740005049125884e-05,3.4226988719827205e-06,16.64482367475,0.0,10.0,2.544504065226581e-05,0.0,1.375314194443086e-05,3.9198182596696674e-05,0.0,South Africa,ZAF,western cape,,,Windows-10-10.0.19045-SP0,3.11.7,3.2.6,16,AMD Ryzen 7 6800H with Radeon Graphics,0,,18.4259,-33.9258,15.237815856933594,machine,14.1,0,89.06666666666666,13.573647816975912,N,1.0,0.0
2026-08-20T16:22:12,AMD Ryzen 7 6800H_Logical Reasoning_Measured_3,d343d1bf-aa1f-4361-b7f7-6c22e0464840,5b0fa12a-3dd7-45bb-9766-cc326314d9f1,9.79058800000348,3.691206754736772e-05,3.770158395732166e-06,20.836626707250005,0.0,10.0,3.633200037744024e-05,0.0,1.582682083333364e-05,5.215882121077387e-05,0.0,South Africa,ZAF,western cape,,,Windows-10-10.0.19045-SP0,3.11.7,3.2.6,16,AMD Ryzen 7 6800H with Radeon Graphics,0,,18.4259,-33.9258,15.237815856933594,machine,0.0,0,90.475,13.786995887756348,N,1.0,0.0
2026-08-20T16:22:39,AMD Ryzen 7 6800H_Mathematical Reasoning_Warmup,175f27c0-89d9-499e-881e-527549c0aea3,5b0fa12a-3dd7-45bb-9766-cc326314d9f1,25.21310860000085,8.27723105307743e-05,3.282907785943202e-06,20.947581977625006,0.0,10.0,8.193624522939812e-05,0.0,3.5025670833339166e-05,0.0001169619160627,0.0,South Africa,ZAF,western cape,,,Windows-10-10.0.19045-SP0,3.11.7,3.2.6,16,AMD Ryzen 7 6800H with Radeon Graphics,0,,18.4259,-33.9258,15.237815856933594,machine,3.804347826086957,0,93.67391304347824,14.272675887398098,N,1.0,0.0
2026-08-20T16:22:51,AMD Ryzen 7 6800H_Mathematical Reasoning_Measured_1,87e95743-d4e2-4235-b0d9-90be559acd36,5b0fa12a-3dd7-45bb-9766-cc326314d9f1,10.764282799995271,3.850219531352524e-05,3.576847248340796e-06,17.3507786928,0.0,10.0,3.743882535189372e-05,0.0,1.6966935555521762e-05,5.440576090741549e-05,0.0,South Africa,ZAF,western cape,,,Windows-10-10.0.19045-SP0,3.11.7,3.2.6,16,AMD Ryzen 7 6800H with Radeon Graphics,0,,18.4259,-33.9258,15.237815856933594,machine,0.0,0,94.43333333333334,14.38256115383572,N,1.0,0.0
2026-08-20T16:23:07,AMD Ryzen 7 6800H_Mathematical Reasoning_Measured_2,5ff1b203-130c-4957-84a6-b13143cd3bd8,5b0fa12a-3dd7-45bb-9766-cc326314d9f1,15.39782660000492,4.931271511382672e-05,3.2025763372222264e-06,21.9742645005,0.0,10.0,4.9588896284570623e-05,0.0,2.0092735277770165e-05,6.968163156234081e-05,0.0,South Africa,ZAF,western cape,,,Windows-10-10.0.19045-SP0,3.11.7,3.2.6,16,AMD Ryzen 7 6800H with Radeon Graphics,0,,18.4259,-33.9258,15.237815856933594,machine,0.0,0,95.34615384615388,14.529090294471152,N,1.0,0.0
2026-08-20T16:23:26,AMD Ryzen 7 6800H_Mathematical Reasoning_Measured_3,34060500-ecea-44e2-954b-9475fdf6638f,5b0fa12a-3dd7-45bb-9766-cc326314d9f1,17.696964899994782,6.255354581514615e-05,3.5347047456236182e-06,24.089982444264702,0.0,10.0,6.605338140600973e-05,0.0,2.2338286388953244e-05,8.839166779496295e-05,0.0,South Africa,ZAF,western cape,,,Windows-10-10.0.19045-SP0,3.11.7,3.2.6,16,AMD Ryzen 7 6800H with Radeon Graphics,0,,18.4259,-33.9258,15.237815856933594,machine,0.0,0,95.87999999999998,14.610459645589192,N,1.0,0.0
2026-08-20T16:24:08,AMD Ryzen 7 6800H_Code Generation_Warmup,6d0d55eb-6279-47df-9447-c8425080b061,5b0fa12a-3dd7-45bb-9766-cc326314d9f1,40.449886999995215,0.0001239630200842,3.064607327191255e-06,21.72698989788462,0.0,10.0,0.0001254634225106,0.0,4.970327583331609e-05,0.0001751666983439,0.0,South Africa,ZAF,western cape,,,Windows-10-10.0.19045-SP0,3.11.7,3.2.6,16,AMD Ryzen 7 6800H with Radeon Graphics,0,,18.4259,-33.9258,15.237815856933594,machine,0.0,0,96.35263157894732,14.682932401958263,N,1.0,0.0
2026-08-20T16:24:52,AMD Ryzen 7 6800H_Code Generation_Measured_1,c8dda8f6-5740-414d-a4ad-035d9aabada7,5b0fa12a-3dd7-45bb-9766-cc326314d9f1,42.67887959998916,0.000132046460928,3.093953312870836e-06,22.11936386185976,0.0,10.0,0.0001349802112957,0.0,5.160884222233209e-05,0.000186589053518,0.0,South Africa,ZAF,western cape,,,Windows-10-10.0.19045-SP0,3.11.7,3.2.6,16,AMD Ryzen 7 6800H with Radeon Graphics,0,,18.4259,-33.9258,15.237815856933594,machine,5.0,0,91.77500000000003,13.981902027130127,N,1.0,0.0
2026-08-20T16:25:25,AMD Ryzen 7 6800H_Code Generation_Measured_2,88745702-93ad-450c-ac0c-3758c7611c16,5b0fa12a-3dd7-45bb-9766-cc326314d9f1,31.763177900007577,0.0001167290271891,3.674979485887248e-06,27.80583870915001,0.0,10.0,0.0001263831221411,0.0,3.856153861108599e-05,0.0001649446607522,0.0,South Africa,ZAF,western cape,,,Windows-10-10.0.19045-SP0,3.11.7,3.2.6,16,AMD Ryzen 7 6800H with Radeon Graphics,0,,18.4259,-33.9258,15.237815856933594,machine,3.4482758620689653,0,93.9862068965517,14.32405997966898,N,1.0,0.0
2026-08-20T16:26:13,AMD Ryzen 7 6800H_Code Generation_Measured_3,a3251562-0639-4ad8-89d1-06d5f5e425ca,5b0fa12a-3dd7-45bb-9766-cc326314d9f1,45.15805420000106,0.0001615725086368,3.577933360929115e-06,25.91373943442046,0.0,10.0,0.0001712886417635,0.0,5.702237277792948e-05,0.0002283110145415,0.0,South Africa,ZAF,western cape,,,Windows-10-10.0.19045-SP0,3.11.7,3.2.6,16,AMD Ryzen 7 6800H with Radeon Graphics,0,,18.4259,-33.9258,15.237815856933594,machine,2.3255813953488373,0,94.4627906976744,14.39162826538086,N,1.0,0.0
2026-08-20T16:29:47,AMD Ryzen 7 6800H_Knowledge Retrieval_Warmup,853621c0-6cf2-45c1-b550-860b9d8eb3ad,5b0fa12a-3dd7-45bb-9766-cc326314d9f1,11.447878799997852,3.167050984133329e-05,2.7664959067647745e-06,16.180628159925,0.0,10.0,2.8950030429579974e-05,0.0,1.580217583327289e-05,4.475220626285287e-05,0.0,South Africa,ZAF,western cape,,,Windows-10-10.0.19045-SP0,3.11.7,3.2.6,16,AMD Ryzen 7 6800H with Radeon Graphics,0,,18.4259,-33.9258,15.237815856933594,machine,0.0,0,90.98888888888888,13.865273793538412,N,1.0,0.0
2026-08-20T16:30:00,AMD Ryzen 7 6800H_Knowledge Retrieval_Measured_1,a188e45d-1aad-4534-ac02-3269d9e69377,5b0fa12a-3dd7-45bb-9766-cc326314d9f1,11.66782260000764,3.686773061774657e-05,3.1597781249881563e-06,18.652409084863645,0.0,10.0,3.4757508976449264e-05,0.0,1.7338661666670106e-05,5.209617064311936e-05,0.0,South Africa,ZAF,western cape,,,Windows-10-10.0.19045-SP0,3.11.7,3.2.6,16,AMD Ryzen 7 6800H with Radeon Graphics,0,,18.4259,-33.9258,15.237815856933594,machine,0.0,0,90.94444444444444,13.858116573757597,N,1.0,0.0
2026-08-20T16:30:14,AMD Ryzen 7 6800H_Knowledge Retrieval_Measured_2,8eba065e-c3ed-41fd-9fcd-c7f68d8dd93f,5b0fa12a-3dd7-45bb-9766-cc326314d9f1,12.743556300003547,3.7636026748083895e-05,2.9533378173307414e-06,17.835394865812507,0.0,10.0,3.576704171139314e-05,0.0,1.74147744444781e-05,5.318181615587124e-05,0.0,South Africa,ZAF,western cape,,,Windows-10-10.0.19045-SP0,3.11.7,3.2.6,16,AMD Ryzen 7 6800H with Radeon Graphics,0,,18.4259,-33.9258,15.237815856933594,machine,0.0,0,91.36363636363636,13.923350247469816,N,1.0,0.0
2026-08-20T16:30:30,AMD Ryzen 7 6800H_Knowledge Retrieval_Measured_3,0691fe3e-5389-45b1-b14f-7914077ab218,5b0fa12a-3dd7-45bb-9766-cc326314d9f1,14.900236700006644,4.6441103105579045e-05,3.1168030441797167e-06,17.86205092017857,0.0,10.0,4.3735261941732784e-05,0.0,2.188862083336668e-05,6.562388277509947e-05,0.0,South Africa,ZAF,western cape,,,Windows-10-10.0.19045-SP0,3.11.7,3.2.6,16,AMD Ryzen 7 6800H with Radeon Graphics,0,,18.4259,-33.9258,15.237815856933594,machine,0.0,0,91.0153846153846,13.870594904972958,N,1.0,0.0
2026-08-20T16:30:38,AMD Ryzen 7 6800H_Summarisation_Warmup,238f49fb-5637-4683-8d97-6abb87e281e2,5b0fa12a-3dd7-45bb-9766-cc326314d9f1,7.248886300003505,2.2840801305759927e-05,3.150939380267129e-06,18.51323841675,0.0,10.0,2.1918069105913818e-05,0.0,1.0357263888888866e-05,3.227533299480268e-05,0.0,South Africa,ZAF,western cape,,,Windows-10-10.0.19045-SP0,3.11.7,3.2.6,16,AMD Ryzen 7 6800H with Radeon Graphics,0,,18.4259,-33.9258,15.237815856933594,machine,0.0,0,91.08,13.869564056396484,N,1.0,0.0
2026-08-20T16:30:47,AMD Ryzen 7 6800H_Summarisation_Measured_1,18eb725e-a14f-45e8-ae6a-53a71d6eaac5,5b0fa12a-3dd7-45bb-9766-cc326314d9f1,7.634158399989246,2.5050695256385865e-05,3.2813957929430903e-06,14.79039917014286,0.0,10.0,2.223822095111384e-05,0.0,1.3159816111066092e-05,3.5398037062179926e-05,0.0,South Africa,ZAF,western cape,,,Windows-10-10.0.19045-SP0,3.11.7,3.2.6,16,AMD Ryzen 7 6800H with Radeon Graphics,0,,18.4259,-33.9258,15.237815856933594,machine,0.0,0,91.12,13.882339477539062,N,1.0,0.0
2026-08-20T16:30:57,AMD Ryzen 7 6800H_Summarisation_Measured_2,011fb041-bdfc-45ab-9300-7ed962007981,5b0fa12a-3dd7-45bb-9766-cc326314d9f1,7.9997122999920975,3.064372885600769e-05,3.8306038650962434e-06,18.7130460645,0.0,10.0,2.930292410041473e-05,0.0,1.3998383055594684e-05,4.330130715600943e-05,0.0,South Africa,ZAF,western cape,,,Windows-10-10.0.19045-SP0,3.11.7,3.2.6,16,AMD Ryzen 7 6800H with Radeon Graphics,0,,18.4259,-33.9258,15.237815856933594,machine,0.0,0,90.8,13.836428960164389,N,1.0,0.0
2026-08-20T16:31:07,AMD Ryzen 7 6800H_Summarisation_Measured_3,c37d9c1f-0df7-4340-b5bc-ffeaa4a791a0,5b0fa12a-3dd7-45bb-9766-cc326314d9f1,7.930039400001988,2.699769115612429e-05,3.4044838612173258e-06,16.408698510535714,0.0,10.0,2.4197702830986063e-05,0.0,1.3951548611213284e-05,3.814925144219936e-05,0.0,South Africa,ZAF,western cape,,,Windows-10-10.0.19045-SP0,3.11.7,3.2.6,16,AMD Ryzen 7 6800H with Radeon Graphics,0,,18.4232,-33.9258,15.237815856933594,machine,0.0,0,90.86666666666666,13.83959706624349,N,1.0,0.0
2026-08-20T16:31:15,AMD Ryzen 7 6800H_Logical Reasoning_Warmup,a75c3f05-ea1e-488d-b7a8-7de93c429e59,5b0fa12a-3dd7-45bb-9766-cc326314d9f1,6.624252900001011,2.330262618225935e-05,3.5177742356810973e-06,15.972674790750004,0.0,10.0,2.163775577441877e-05,0.0,1.1290161666733588e-05,3.292791744115236e-05,0.0,South Africa,ZAF,western cape,,,Windows-10-10.0.19045-SP0,3.11.7,3.2.6,16,AMD Ryzen 7 6800H with Radeon Graphics,0,,18.4259,-33.9258,15.237815856933594,machine,0.0,0,91.125,13.888420104980469,N,1.0,0.0
2026-08-20T16:31:31,AMD Ryzen 7 6800H_Logical Reasoning_Measured_1,b09cac7b-f9f9-45b5-a794-f24405fc6679,5b0fa12a-3dd7-45bb-9766-cc326314d9f1,14.261768500000471,4.17601237435616e-05,2.928116786046571e-06,17.710328984365386,0.0,10.0,3.978286340501044e-05,0.0,1.922653305551244e-05,5.900939646052288e-05,0.0,South Africa,ZAF,western cape,,,Windows-10-10.0.19045-SP0,3.11.7,3.2.6,16,AMD Ryzen 7 6800H with Radeon Graphics,0,,18.4259,-33.9258,15.237815856933594,machine,0.0,0,90.97499999999998,13.861408869425455,N,1.0,0.0
2026-08-20T16:31:42,AMD Ryzen 7 6800H_Logical Reasoning_Measured_2,e0fc7850-f004-4dc5-8fe0-096e654f081a,5b0fa12a-3dd7-45bb-9766-cc326314d9f1,10.022919800001546,3.427421841649761e-05,3.4195842230017964e-06,17.783613405,0.0,10.0,3.178944886596506e-05,0.0,1.664194361106234e-05,4.843139247702739e-05,0.0,South Africa,ZAF,western cape,,,Windows-10-10.0.19045-SP0,3.11.7,3.2.6,16,AMD Ryzen 7 6800H with Radeon Graphics,0,,18.4259,-33.9258,15.237815856933594,machine,0.0,0,91.20000000000002,13.89500904083252,N,1.0,0.0
2026-08-20T16:31:55,AMD Ryzen 7 6800H_Logical Reasoning_Measured_3,98e81515-29e4-4554-8734-e7f4cf505d30,5b0fa12a-3dd7-45bb-9766-cc326314d9f1,11.63585229999444,3.70693366973997e-05,3.185786115334019e-06,17.273469543545456,0.0,10.0,3.4595207727193814e-05,0.0,1.778584361111118e-05,5.238105133830498e-05,0.0,South Africa,ZAF,western cape,,,Windows-10-10.0.19045-SP0,3.11.7,3.2.6,16,AMD Ryzen 7 6800H with Radeon Graphics,0,,18.4259,-33.9258,15.237815856933594,machine,11.11111111111111,0,91.07777777777778,13.87739732530382,N,1.0,0.0
2026-08-20T16:32:14,AMD Ryzen 7 6800H_Mathematical Reasoning_Warmup,d89426e0-f015-4f5f-84a7-5130a9b57eb6,5b0fa12a-3dd7-45bb-9766-cc326314d9f1,17.49044189999404,5.462271219314532e-05,3.123003552766951e-06,20.14357878604688,0.0,10.0,5.353533046016436e-05,0.0,2.3649624722141504e-05,7.718495518230588e-05,0.0,South Africa,ZAF,western cape,,,Windows-10-10.0.19045-SP0,3.11.7,3.2.6,16,AMD Ryzen 7 6800H with Radeon Graphics,0,,18.4259,-33.9258,15.237815856933594,machine,0.0,0,91.24666666666668,13.90476582845052,N,1.0,0.0
2026-08-20T16:32:31,AMD Ryzen 7 6800H_Mathematical Reasoning_Measured_1,3e8e7d7c-305e-4ead-ba53-c0d9eb426118,5b0fa12a-3dd7-45bb-9766-cc326314d9f1,16.128541999991285,4.955218157692273e-05,3.0723286442723405e-06,18.4606964964,0.0,10.0,4.715019415780039e-05,0.0,2.2869816944472e-05,7.002001110227238e-05,0.0,South Africa,ZAF,western cape,,,Windows-10-10.0.19045-SP0,3.11.7,3.2.6,16,AMD Ryzen 7 6800H with Radeon Graphics,0,,18.4259,-33.9258,15.237815856933594,machine,6.121428571428572,0,91.65000000000002,13.96693365914481,N,1.0,0.0
2026-08-20T16:33:03,AMD Ryzen 7 6800H_Mathematical Reasoning_Measured_2,eeddc8ec-469b-412f-9368-23dd7702128d,5b0fa12a-3dd7-45bb-9766-cc326314d9f1,30.500486099990667,8.437997454556141e-05,2.76651245061918e-06,18.24016844436208,0.0,10.0,8.096363407311003e-05,0.0,3.827000138889061e-05,0.000119233635462,0.0,South Africa,ZAF,western cape,,,Windows-10-10.0.19045-SP0,3.11.7,3.2.6,16,AMD Ryzen 7 6800H with Radeon Graphics,0,,18.4259,-33.9258,15.237815856933594,machine,0.0,0,91.85357142857148,13.994129180908203,N,1.0,0.0
2026-08-20T16:33:16,AMD Ryzen 7 6800H_Mathematical Reasoning_Measured_3,fbc7512d-c0f8-47f8-b94b-0faf5a2fcad1,5b0fa12a-3dd7-45bb-9766-cc326314d9f1,11.885381399988546,3.798485559068532e-05,3.1959307246734147e-06,17.28405115752273,0.0,10.0,3.5415562814692026e-05,0.0,1.8259168055616707e-05,5.367473087030875e-05,0.0,South Africa,ZAF,western cape,,,Windows-10-10.0.19045-SP0,3.11.7,3.2.6,16,AMD Ryzen 7 6800H with Radeon Graphics,0,,18.4259,-33.9258,15.237815856933594,machine,0.0,0,92.34,14.070045471191406,N,1.0,0.0
2026-08-20T16:33:50,AMD Ryzen 7 6800H_Code Generation_Warmup,1edb910f-2f3b-4c44-a9d9-a8e76c18f85f,5b0fa12a-3dd7-45bb-9766-cc326314d9f1,32.49701440001081,0.0001063954716395,3.2740075851241985e-06,23.70985587341129,0.0,10.0,0.0001095825170506,0.0,4.076025027768791e-05,0.0001503427673283,0.0,South Africa,ZAF,western cape,,,Windows-10-10.0.19045-SP0,3.11.7,3.2.6,16,AMD Ryzen 7 6800H with Radeon Graphics,0,,18.4259,-33.9258,15.237815856933594,machine,3.333333333333333,0,94.02333333333333,14.327336629231771,N,1.0,0.0
2026-08-20T16:34:23,AMD Ryzen 7 6800H_Code Generation_Measured_1,a4d2c029-6732-4c22-83ac-38d8872c8407,5b0fa12a-3dd7-45bb-9766-cc326314d9f1,30.77558929999941,9.047038979281952e-05,2.9396801767438864e-06,18.262247770650003,0.0,10.0,8.781333010244068e-05,0.0,4.002640361112652e-05,0.0001278397337135,0.0,South Africa,ZAF,western cape,,,Windows-10-10.0.19045-SP0,3.11.7,3.2.6,16,AMD Ryzen 7 6800H with Radeon Graphics,0,,18.4259,-33.9258,15.237815856933594,machine,0.0,0,92.54999999999998,14.103729929242816,N,1.0,0.0
2026-08-20T16:34:54,AMD Ryzen 7 6800H_Code Generation_Measured_2,f7f51022-04ad-43f7-9d5e-adbc85f34741,5b0fa12a-3dd7-45bb-9766-cc326314d9f1,30.10926339999424,8.660666861997145e-05,2.8764127328331794e-06,18.10785185518965,0.0,10.0,8.196337849077762e-05,0.0,4.041670055553874e-05,0.0001223800790463,0.0,South Africa,ZAF,western cape,,,Windows-10-10.0.19045-SP0,3.11.7,3.2.6,16,AMD Ryzen 7 6800H with Radeon Graphics,0,,18.4259,-33.9258,15.237815856933594,machine,0.0,0,90.36785714285712,13.76947784423828,N,1.0,0.0
2026-08-20T16:35:34,AMD Ryzen 7 6800H_Code Generation_Measured_3,d4d48490-4bda-4920-8943-6394a40e0576,5b0fa12a-3dd7-45bb-9766-cc326314d9f1,38.70251570000255,0.0001048085418281,2.708055017418588e-06,17.91989736908108,0.0,10.0,9.934919290982214e-05,0.0,4.875115361125306e-05,0.000148100346521,0.0,South Africa,ZAF,western cape,,,Windows-10-10.0.19045-SP0,3.11.7,3.2.6,16,AMD Ryzen 7 6800H with Radeon Graphics,0,,18.4259,-33.9258,15.237815856933594,machine,0.0,0,91.2888888888889,13.91210683186849,N,1.0,0.0
2026-08-20T16:38:21,AMD Ryzen 7 6800H_Knowledge Retrieval_Warmup,4e5f93de-7165-43e7-a30e-2155141ceae8,5b0fa12a-3dd7-45bb-9766-cc326314d9f1,12.341526899996095,4.234432084801647e-05,3.43104392115613e-06,22.20158807345455,0.0,10.0,4.298489417116365e-05,0.0,1.6850005555574575e-05,5.983489972673823e-05,0.0,South Africa,ZAF,western cape,,,Windows-10-10.0.19045-SP0,3.11.7,3.2.6,16,AMD Ryzen 7 6800H with Radeon Graphics,0,,18.4259,-33.9258,15.237815856933594,machine,0.0,0,76.65,11.679061126708984,N,1.0,0.0
2026-08-20T16:38:38,AMD Ryzen 7 6800H_Knowledge Retrieval_Measured_1,18837ea7-ed71-47f0-917c-7825e3ceb8d6,5b0fa12a-3dd7-45bb-9766-cc326314d9f1,13.374660699992091,4.645650885462891e-05,3.4734719554161383e-06,23.744696814000008,0.0,10.0,4.825549001792953e-05,0.0,1.7390161944422287e-05,6.564565196235182e-05,0.0,South Africa,ZAF,western cape,,,Windows-10-10.0.19045-SP0,3.11.7,3.2.6,16,AMD Ryzen 7 6800H with Radeon Graphics,0,,18.4232,-33.9258,15.237815856933594,machine,0.0,0,78.00909090909089,11.887610348788174,N,1.0,0.0
2026-08-20T16:38:51,AMD Ryzen 7 6800H_Knowledge Retrieval_Measured_2,a723809f-302b-4d53-a25d-4430c60341b3,5b0fa12a-3dd7-45bb-9766-cc326314d9f1,12.08402070000011,4.560127358285755e-05,3.773683835451981e-06,21.59635065013636,0.0,10.0,4.526816934561312e-05,0.0,1.91689872222115e-05,6.443715656782464e-05,0.0,South Africa,ZAF,western cape,,,Windows-10-10.0.19045-SP0,3.11.7,3.2.6,16,AMD Ryzen 7 6800H with Radeon Graphics,0,,18.4259,-33.9258,15.237815856933594,machine,10.0,0,78.63999999999999,11.980615234375,N,1.0,0.0
2026-08-20T16:39:05,AMD Ryzen 7 6800H_Knowledge Retrieval_Measured_3,5dfb6566-cb3e-4858-b75b-b42ac50670a6,5b0fa12a-3dd7-45bb-9766-cc326314d9f1,12.358958700002404,3.8599621851987575e-05,3.123209874629653e-06,19.31349319936364,0.0,10.0,3.767223590254838e-05,0.0,1.6871194166702077e-05,5.454343006925045e-05,0.0,South Africa,ZAF,western cape,,,Windows-10-10.0.19045-SP0,3.11.7,3.2.6,16,AMD Ryzen 7 6800H with Radeon Graphics,0,,18.4259,-33.9258,15.237815856933594,machine,0.0,0,79.36,12.093764114379884,N,1.0,0.0
2026-08-20T16:39:13,AMD Ryzen 7 6800H_Summarisation_Warmup,bf96d450-f4f1-471e-9a07-a442305e1d87,5b0fa12a-3dd7-45bb-9766-cc326314d9f1,7.08688690001145,3.167224724010272e-05,4.469134005800424e-06,21.1251951225,0.0,10.0,3.166038269361352e-05,0.0,1.3094278611121506e-05,4.475466130473503e-05,0.0,South Africa,ZAF,western cape,,,Windows-10-10.0.19045-SP0,3.11.7,3.2.6,16,AMD Ryzen 7 6800H with Radeon Graphics,0,,18.4259,-33.9258,15.237815856933594,machine,0.0,0,79.56,12.123162841796876,N,1.0,0.0
2026-08-20T16:39:22,AMD Ryzen 7 6800H_Summarisation_Measured_1,eb2fdc49-9b00-40d6-afe7-c8fb856169d2,5b0fa12a-3dd7-45bb-9766-cc326314d9f1,7.682675800009747,2.5524584657417733e-05,3.3223560803366648e-06,14.768344691357145,0.0,10.0,2.3136406024924223e-05,0.0,1.29312633332625e-05,3.606766935818673e-05,0.0,South Africa,ZAF,western cape,,,Windows-10-10.0.19045-SP0,3.11.7,3.2.6,16,AMD Ryzen 7 6800H with Radeon Graphics,0,,18.4259,-33.9258,15.237815856933594,machine,0.0,0,79.38333333333333,12.09380849202474,N,1.0,0.0
2026-08-20T16:39:31,AMD Ryzen 7 6800H_Summarisation_Measured_2,ea8a1e68-6819-48c8-83f7-4672dbdba8c2,5b0fa12a-3dd7-45bb-9766-cc326314d9f1,7.257240699997055,2.1179687565756583e-05,2.918421538059937e-06,16.151795071875,0.0,10.0,1.904379419228649e-05,0.0,1.0884291944441632e-05,2.9928086136728127e-05,0.0,South Africa,ZAF,western cape,,,Windows-10-10.0.19045-SP0,3.11.7,3.2.6,16,AMD Ryzen 7 6800H with Radeon Graphics,0,,18.4259,-33.9258,15.237815856933594,machine,0.0,0,79.54,12.121467590332031,N,1.0,0.0
2026-08-20T16:39:40,AMD Ryzen 7 6800H_Summarisation_Measured_3,0203c681-ebd7-433d-b8e0-c81190f6de64,5b0fa12a-3dd7-45bb-9766-cc326314d9f1,7.801766600008705,2.83327251177418e-05,3.631578150224359e-06,18.558713814750003,0.0,10.0,2.67569487336306e-05,0.0,1.3278780555548211e-05,4.003572928917881e-05,0.0,South Africa,ZAF,western cape,,,Windows-10-10.0.19045-SP0,3.11.7,3.2.6,16,AMD Ryzen 7 6800H with Radeon Graphics,0,,18.4259,-33.9258,15.237815856933594,machine,0.0,0,79.9,12.177159627278646,N,1.0,0.0
2026-08-20T16:39:54,AMD Ryzen 7 6800H_Logical Reasoning_Warmup,ed343712-483a-42f5-ba30-5e39c6dd3bdd,5b0fa12a-3dd7-45bb-9766-cc326314d9f1,12.271045000001322,4.31352061489464e-05,3.515202344131388e-06,23.123736131931818,0.0,10.0,4.458006417077703e-05,0.0,1.637240083340051e-05,6.095246500417755e-05,0.0,South Africa,ZAF,western cape,,,Windows-10-10.0.19045-SP0,3.11.7,3.2.6,16,AMD Ryzen 7 6800H with Radeon Graphics,0,,18.4259,-33.9258,15.237815856933594,machine,0.0,0,80.29,12.2335018157959,N,1.0,0.0
2026-08-20T16:40:05,AMD Ryzen 7 6800H_Logical Reasoning_Measured_1,3bc1e975-d5d8-45aa-a186-5a67cfb46866,5b0fa12a-3dd7-45bb-9766-cc326314d9f1,9.550306600009208,2.845088274429894e-05,2.9790543838950163e-06,17.612570039906252,0.0,10.0,2.681413569654179e-05,0.0,1.3388556944402e-05,4.020269264094378e-05,0.0,South Africa,ZAF,western cape,,,Windows-10-10.0.19045-SP0,3.11.7,3.2.6,16,AMD Ryzen 7 6800H with Radeon Graphics,0,,18.4259,-33.9258,15.237815856933594,machine,0.0,0,79.84285714285716,12.16555404663086,N,1.0,0.0
2026-08-20T16:40:20,AMD Ryzen 7 6800H_Logical Reasoning_Measured_2,4d98a0a9-44c0-4048-961e-3fc2bdb7deaf,5b0fa12a-3dd7-45bb-9766-cc326314d9f1,13.77013689999876,4.78246493890814e-05,3.473070001873816e-06,22.86021726675001,0.0,10.0,4.929404430870242e-05,0.0,1.8284866944425933e-05,6.757891125312836e-05,0.0,South Africa,ZAF,western cape,,,Windows-10-10.0.19045-SP0,3.11.7,3.2.6,16,AMD Ryzen 7 6800H with Radeon Graphics,0,,18.4259,-33.9258,15.237815856933594,machine,0.0,0,81.04545454545455,12.358619343150746,N,1.0,0.0
2026-08-20T16:40:29,AMD Ryzen 7 6800H_Logical Reasoning_Measured_3,ed8ba9f0-be70-4ab7-914d-79d3010f0242,5b0fa12a-3dd7-45bb-9766-cc326314d9f1,7.97204170000623,3.080597909337928e-05,3.864252126698636e-06,21.317016886714296,0.0,10.0,3.039114472810946e-05,0.0,1.3139431111145922e-05,4.353057583925538e-05,0.0,South Africa,ZAF,western cape,,,Windows-10-10.0.19045-SP0,3.11.7,3.2.6,16,AMD Ryzen 7 6800H with Radeon Graphics,0,,18.4259,-33.9258,15.237815856933594,machine,0.0,0,81.28333333333333,12.389789581298828,N,1.0,0.0
2026-08-20T16:40:48,AMD Ryzen 7 6800H_Mathematical Reasoning_Warmup,e6c30427-3703-4800-bda4-edbed0338e3c,5b0fa12a-3dd7-45bb-9766-cc326314d9f1,17.962928900000406,6.470361856612781e-05,3.6020639466054084e-06,24.190175767367645,0.0,10.0,6.669252476400778e-05,0.0,2.4737316388887444e-05,9.142984115289524e-05,0.0,South Africa,ZAF,western cape,,,Windows-10-10.0.19045-SP0,3.11.7,3.2.6,16,AMD Ryzen 7 6800H with Radeon Graphics,0,,18.4259,-33.9258,15.237815856933594,machine,0.0,0,81.40625000000003,12.404947280883787,N,1.0,0.0
2026-08-20T16:41:03,AMD Ryzen 7 6800H_Mathematical Reasoning_Measured_1,103394c1-6612-4168-ba83-71eda293ffb1,5b0fa12a-3dd7-45bb-9766-cc326314d9f1,12.816863700005342,4.760439451781496e-05,3.714199950319759e-06,23.168358147375,0.0,10.0,4.8564364325272944e-05,0.0,1.8703314444428544e-05,6.726767876970147e-05,0.0,South Africa,ZAF,western cape,,,Windows-10-10.0.19045-SP0,3.11.7,3.2.6,16,AMD Ryzen 7 6800H with Radeon Graphics,0,,18.4232,-33.9258,15.237815856933594,machine,0.0,0,80.96363636363637,12.341582905162465,N,1.0,0.0
2026-08-20T16:41:17,AMD Ryzen 7 6800H_Mathematical Reasoning_Measured_2,1f1cb1e9-bcf5-4e78-8ed1-703d05b3831c,5b0fa12a-3dd7-45bb-9766-cc326314d9f1,12.363317700001062,4.362340508468925e-05,3.528454589878047e-06,23.087239371,0.0,10.0,4.523463303065486e-05,0.0,1.6407684444453073e-05,6.164231747510795e-05,0.0,South Africa,ZAF,western cape,,,Windows-10-10.0.19045-SP0,3.11.7,3.2.6,16,AMD Ryzen 7 6800H with Radeon Graphics,0,,18.4259,-33.9258,15.237815856933594,machine,0.0,0,80.91,12.323722839355469,N,1.0,0.0
2026-08-20T16:41:33,AMD Ryzen 7 6800H_Mathematical Reasoning_Measured_3,246d76a1-96a1-479e-9eb3-04bd02cc6f7c,5b0fa12a-3dd7-45bb-9766-cc326314d9f1,14.47176450000552,4.90170311424919e-05,3.3870804864516146e-06,22.78704573934616,0.0,10.0,5.041659603097543e-05,0.0,1.884721750001417e-05,6.92638135309896e-05,0.0,South Africa,ZAF,western cape,,,Windows-10-10.0.19045-SP0,3.11.7,3.2.6,16,AMD Ryzen 7 6800H with Radeon Graphics,0,,18.4259,-33.9258,15.237815856933594,machine,0.0,0,81.10000000000002,12.357557614644367,N,1.0,0.0
2026-08-20T16:42:28,AMD Ryzen 7 6800H_Knowledge Retrieval_Warmup,778286ee-5554-46c4-915a-d2915ae80130,5b0fa12a-3dd7-45bb-9766-cc326314d9f1,15.701221700001042,5.484508856244012e-05,3.4930459304600785e-06,21.575638087800005,0.0,10.0,5.562781879479647e-05,0.0,2.187136666660889e-05,7.749918546140536e-05,0.0,South Africa,ZAF,western cape,,,Windows-10-10.0.19045-SP0,3.11.7,3.2.6,16,AMD Ryzen 7 6800H with Radeon Graphics,0,,18.4259,-33.9258,15.237815856933594,machine,0.0,0,82.26153846153845,12.53364240206205,N,1.0,0.0
2026-08-20T16:42:42,AMD Ryzen 7 6800H_Knowledge Retrieval_Measured_1,9c8f273a-2ee4-42e4-b3f0-1e0e5059562a,5b0fa12a-3dd7-45bb-9766-cc326314d9f1,13.07917009999801,5.47991399801104e-05,4.189802530369931e-06,26.154920392875,0.0,10.0,5.838931531597225e-05,0.0,1.904494222213139e-05,7.743425753810363e-05,0.0,South Africa,ZAF,western cape,,,Windows-10-10.0.19045-SP0,3.11.7,3.2.6,16,AMD Ryzen 7 6800H with Radeon Graphics,0,,18.4259,-33.9258,15.237815856933594,machine,0.0,0,82.69090909090909,12.599991885098545,N,1.0,0.0
2026-08-20T16:42:58,AMD Ryzen 7 6800H_Knowledge Retrieval_Measured_2,fbe481ac-b0cb-46a4-93e9-55abea86ab98,5b0fa12a-3dd7-45bb-9766-cc326314d9f1,14.580336300001363,5.859671600941434e-05,4.018886451158802e-06,28.23929784813462,0.0,10.0,6.322999485308602e-05,0.0,1.9570450555491124e-05,8.280044540857716e-05,0.0,South Africa,ZAF,western cape,,,Windows-10-10.0.19045-SP0,3.11.7,3.2.6,16,AMD Ryzen 7 6800H with Radeon Graphics,0,,18.4259,-33.9258,15.237815856933594,machine,0.0,0,83.51666666666667,12.72537612915039,N,1.0,0.0
2026-08-20T16:43:14,AMD Ryzen 7 6800H_Knowledge Retrieval_Measured_3,582af0ac-2436-46d1-9e51-73ae3e75be3c,5b0fa12a-3dd7-45bb-9766-cc326314d9f1,14.438884400005918,6.006864639085002e-05,4.160199966060079e-06,28.47354671094231,0.0,10.0,6.59043914062754e-05,0.0,1.897597416666233e-05,8.488036557293774e-05,0.0,South Africa,ZAF,western cape,,,Windows-10-10.0.19045-SP0,3.11.7,3.2.6,16,AMD Ryzen 7 6800H with Radeon Graphics,0,,18.4259,-33.9258,15.237815856933594,machine,0.0,0,84.65,12.897308985392252,N,1.0,0.0
2026-08-20T16:49:55,AMD Ryzen 7 6800H_Knowledge Retrieval_Warmup,d73c1fd3-64c5-49f9-8ed6-6289393704c3,5b0fa12a-3dd7-45bb-9766-cc326314d9f1,10.966410199999984,2.9924275916552508e-05,2.728721192332615e-06,12.387062558025,0.0,10.0,2.339429703297492e-05,0.0,1.8890382777778018e-05,4.228467981075294e-05,0.0,South Africa,ZAF,western cape,,,Windows-10-10.0.19045-SP0,3.11.7,3.2.6,16,AMD Ryzen 7 6800H with Radeon Graphics,0,,18.4259,-33.9258,15.237815856933594,machine,0.0,0,54.58888888888889,8.316943698459202,N,1.0,0.0
2026-08-20T16:50:11,AMD Ryzen 7 6800H_Knowledge Retrieval_Measured_1,18b462b8-1d0c-4b1b-96de-18c8efef22a5,5b0fa12a-3dd7-45bb-9766-cc326314d9f1,11.373759999999947,2.677901411285935e-05,2.354455704433668e-06,11.2686686856,0.0,10.0,2.045866268487891e-05,0.0,1.7381585833333055e-05,3.784024851821196e-05,0.0,South Africa,ZAF,western cape,,,Windows-10-10.0.19045-SP0,3.11.7,3.2.6,16,AMD Ryzen 7 6800H with Radeon Graphics,0,,18.4259,-33.9258,15.237815856933594,machine,0.0,0,54.41111111111112,8.290376875135633,N,1.0,0.0
2026-08-20T16:50:25,AMD Ryzen 7 6800H_Knowledge Retrieval_Measured_2,cc61556f-5f13-45fe-b804-d96ee2443ea4,5b0fa12a-3dd7-45bb-9766-cc326314d9f1,10.574118,2.5494193313951e-05,2.410999509741712e-06,9.545261410799998,0.0,10.0,1.812404190796004e-05,0.0,1.790068277777771e-05,3.602472468573774e-05,0.0,South Africa,ZAF,western cape,,,Windows-10-10.0.19045-SP0,3.11.7,3.2.6,16,AMD Ryzen 7 6800H with Radeon Graphics,0,,18.4259,-33.9258,15.237815856933594,machine,0.0,0,54.2625,8.263132095336914,N,1.0,0.0
2026-08-20T16:50:40,AMD Ryzen 7 6800H_Knowledge Retrieval_Measured_3,7ba4c8f7-308b-4acb-b8d9-7d7558ff15d8,5b0fa12a-3dd7-45bb-9766-cc326314d9f1,10.938583600000015,2.795292418376764e-05,2.5554427525486565e-06,10.6489920096,0.0,10.0,2.0515339272936675e-05,0.0,1.8983710000000227e-05,3.949904927293691e-05,0.0,South Africa,ZAF,western cape,,,Windows-10-10.0.19045-SP0,3.11.7,3.2.6,16,AMD Ryzen 7 6800H with Radeon Graphics,0,,18.4259,-33.9258,15.237815856933594,machine,0.0,0,54.28888888888889,8.269193861219618,N,1.0,0.0
2026-08-20T16:50:52,AMD Ryzen 7 6800H_Summarisation_Warmup,8dce6d31-79ef-4e71-996d-cf5267c8c393,5b0fa12a-3dd7-45bb-9766-cc326314d9f1,7.314455099999975,1.710632861736838e-05,2.338701705526696e-06,10.152833109750004,0.0,10.0,1.232406264875403e-05,0.0,1.1848138888888904e-05,2.4172201537642937e-05,0.0,South Africa,ZAF,western cape,,,Windows-10-10.0.19045-SP0,3.11.7,3.2.6,16,AMD Ryzen 7 6800H with Radeon Graphics,0,,18.4259,-33.9258,15.237815856933594,machine,0.0,0,54.67999999999999,8.334478759765625,N,1.0,0.0
2026-08-20T16:51:02,AMD Ryzen 7 6800H_Summarisation_Measured_1,88e818bb-4614-4a4a-8b4d-655a7016c931,5b0fa12a-3dd7-45bb-9766-cc326314d9f1,6.281846900000005,1.5036844603533396e-05,2.3936980386346864e-06,10.25492620365,0.0,10.0,1.0950025973031036e-05,0.0,1.029787861111136e-05,2.12479045841424e-05,0.0,South Africa,ZAF,western cape,,,Windows-10-10.0.19045-SP0,3.11.7,3.2.6,16,AMD Ryzen 7 6800H with Radeon Graphics,0,,18.4259,-33.9258,15.237815856933594,machine,0.0,0,54.65,8.329928398132324,N,1.0,0.0
2026-08-20T16:51:12,AMD Ryzen 7 6800H_Summarisation_Measured_2,90800205-438d-45f1-976b-7d4d8a60229a,5b0fa12a-3dd7-45bb-9766-cc326314d9f1,5.933833199999981,1.5728108109229274e-05,2.650581433470244e-06,8.185798600200002,0.0,10.0,1.0060462845500698e-05,0.0,1.2164235833333237e-05,2.2224698678833937e-05,0.0,South Africa,ZAF,western cape,,,Windows-10-10.0.19045-SP0,3.11.7,3.2.6,16,AMD Ryzen 7 6800H with Radeon Graphics,0,,18.4259,-33.9258,15.237815856933594,machine,0.0,0,54.65,8.324151992797852,N,1.0,0.0
2026-08-20T16:51:22,AMD Ryzen 7 6800H_Summarisation_Measured_3,8cb82314-db8d-40af-99f1-657ec807c03d,5b0fa12a-3dd7-45bb-9766-cc326314d9f1,6.344209400000011,1.5000787944874627e-05,2.364484997117939e-06,9.722924664750002,0.0,10.0,1.0667854225878583e-05,0.0,1.0529100277777874e-05,2.119695450365646e-05,0.0,South Africa,ZAF,western cape,,,Windows-10-10.0.19045-SP0,3.11.7,3.2.6,16,AMD Ryzen 7 6800H with Radeon Graphics,0,,18.4259,-33.9258,15.237815856933594,machine,0.0,0,54.6,8.316765785217285,N,1.0,0.0
2026-08-20T16:51:35,AMD Ryzen 7 6800H_Logical Reasoning_Warmup,8296507b-47ed-4a29-950c-33740ffa3e1c,5b0fa12a-3dd7-45bb-9766-cc326314d9f1,8.890539799999999,2.331103877301377e-05,2.62200488355204e-06,10.161731127656251,0.0,10.0,1.679718907027343e-05,0.0,1.6142615833333217e-05,3.293980490360664e-05,0.0,South Africa,ZAF,western cape,,,Windows-10-10.0.19045-SP0,3.11.7,3.2.6,16,AMD Ryzen 7 6800H with Radeon Graphics,0,,18.4259,-33.9258,15.237815856933594,machine,0.0,0,54.68571428571429,8.334351130894252,N,1.0,0.0
2026-08-20T16:51:48,AMD Ryzen 7 6800H_Logical Reasoning_Measured_1,59b76969-aabb-4584-9541-b5947f785211,5b0fa12a-3dd7-45bb-9766-cc326314d9f1,8.497235400000022,2.0192742823113688e-05,2.3763897164851565e-06,10.730673699428571,0.0,10.0,1.4873168152306129e-05,0.0,1.3660309722222527e-05,2.853347787452865e-05,0.0,South Africa,ZAF,western cape,,,Windows-10-10.0.19045-SP0,3.11.7,3.2.6,16,AMD Ryzen 7 6800H with Radeon Graphics,0,,18.4259,-33.9258,15.237815856933594,machine,0.0,0,54.74999999999999,8.34604517618815,N,1.0,0.0
2026-08-20T16:52:01,AMD Ryzen 7 6800H_Logical Reasoning_Measured_2,a937f205-9e5a-4f38-9b76-222ee774cf39,5b0fa12a-3dd7-45bb-9766-cc326314d9f1,8.880415999999968,2.307010478255712e-05,2.5978630711170736e-06,10.063857572156252,0.0,10.0,1.651782027633704e-05,0.0,1.6081531388888947e-05,3.259935166522598e-05,0.0,South Africa,ZAF,western cape,,,Windows-10-10.0.19045-SP0,3.11.7,3.2.6,16,AMD Ryzen 7 6800H with Radeon Graphics,0,,18.4259,-33.9258,15.237815856933594,machine,0.0,0,54.785714285714285,8.350326538085938,N,1.0,0.0
2026-08-20T16:52:11,AMD Ryzen 7 6800H_Logical Reasoning_Measured_3,a2efe2c6-ebfb-4448-8f81-fd29cf7d6d26,5b0fa12a-3dd7-45bb-9766-cc326314d9f1,6.363763699999993,1.549397119530532e-05,2.434718183408561e-06,10.2214074303,0.0,10.0,1.1322181757392548e-05,0.0,1.0571668333333169e-05,2.189385009072572e-05,0.0,South Africa,ZAF,western cape,,,Windows-10-10.0.19045-SP0,3.11.7,3.2.6,16,AMD Ryzen 7 6800H with Radeon Graphics,0,,18.4259,-33.9258,15.237815856933594,machine,0.0,0,54.925,8.372513771057129,N,1.0,0.0
2026-08-20T16:52:26,AMD Ryzen 7 6800H_Mathematical Reasoning_Warmup,c5bd1ccf-5b1c-49f6-bd9f-619908e0c5a3,5b0fa12a-3dd7-45bb-9766-cc326314d9f1,10.661154099999976,2.483359866072977e-05,2.329353691710528e-06,8.908438710825,0.0,10.0,1.6942239343728574e-05,0.0,1.8149028055555524e-05,3.5091267399284105e-05,0.0,South Africa,ZAF,western cape,,,Windows-10-10.0.19045-SP0,3.11.7,3.2.6,16,AMD Ryzen 7 6800H with Radeon Graphics,0,,18.4259,-33.9258,15.237815856933594,machine,0.0,0,54.95555555555556,8.37223349677192,N,1.0,0.0
2026-08-20T16:52:43,AMD Ryzen 7 6800H_Mathematical Reasoning_Measured_1,8eee6958-7904-446c-9a22-026099973336,5b0fa12a-3dd7-45bb-9766-cc326314d9f1,13.935476100000017,3.270560204890276e-05,2.3469310853974142e-06,10.045045147673076,0.0,10.0,2.316695820387204e-05,0.0,2.304789138888909e-05,4.621484959276114e-05,0.0,South Africa,ZAF,western cape,,,Windows-10-10.0.19045-SP0,3.11.7,3.2.6,16,AMD Ryzen 7 6800H with Radeon Graphics,0,,18.4259,-33.9258,15.237815856933594,machine,5.3,0,55.13333333333335,8.399741490681967,N,1.0,0.0
2026-08-20T16:53:01,AMD Ryzen 7 6800H_Mathematical Reasoning_Measured_2,4f0de98d-0b6c-452b-b4a0-67fb2885950c,5b0fa12a-3dd7-45bb-9766-cc326314d9f1,14.13184949999993,3.574136237916468e-05,2.5291355090616314e-06,11.090754477692307,0.0,10.0,2.6843507774390986e-05,0.0,2.3661041388888613e-05,5.050454916327959e-05,0.0,South Africa,ZAF,western cape,,,Windows-10-10.0.19045-SP0,3.11.7,3.2.6,16,AMD Ryzen 7 6800H with Radeon Graphics,0,,18.4259,-33.9258,15.237815856933594,machine,0.0,0,55.29166666666666,8.421778043111166,N,1.0,0.0
2026-08-20T16:53:25,AMD Ryzen 7 6800H_Mathematical Reasoning_Measured_3,bba7d5fc-6138-4fcc-99e0-f81722a448f7,5b0fa12a-3dd7-45bb-9766-cc326314d9f1,19.85697500000004,4.42315161414299e-05,2.2275052540192967e-06,10.027036691407892,0.0,10.0,3.1468639163494244e-05,0.0,3.10329733333333e-05,6.250161249682755e-05,0.0,South Africa,ZAF,western cape,,,Windows-10-10.0.19045-SP0,3.11.7,3.2.6,16,AMD Ryzen 7 6800H with Radeon Graphics,0,,18.4259,-33.9258,15.237815856933594,machine,0.0,0,55.32777777777776,8.430999967787,N,1.0,0.0
2026-08-20T16:54:04,AMD Ryzen 7 6800H_Code Generation_Warmup,eacb942d-d853-46da-bf25-b32d8f3b6798,5b0fa12a-3dd7-45bb-9766-cc326314d9f1,35.70993999999996,7.54484860593132e-05,2.112814696953097e-06,10.767440758897056,0.0,10.0,5.5738959472106347e-05,0.0,5.087398194444449e-05,0.0001066129414165,0.0,South Africa,ZAF,western cape,,,Windows-10-10.0.19045-SP0,3.11.7,3.2.6,16,AMD Ryzen 7 6800H with Radeon Graphics,0,,18.4259,-33.9258,15.237815856933594,machine,0.0,0,55.724242424242455,8.492020693692295,N,1.0,0.0
2026-08-20T16:54:39,AMD Ryzen 7 6800H_Code Generation_Measured_1,8fed824d-989f-48d8-a8f6-e3b0d97ffd70,5b0fa12a-3dd7-45bb-9766-cc326314d9f1,30.317233999999985,6.590154115934912e-05,2.173731982256335e-06,11.379159277137932,0.0,10.0,5.002202544810037e-05,0.0,4.310054749999969e-05,9.312257294810002e-05,0.0,South Africa,ZAF,western cape,,,Windows-10-10.0.19045-SP0,3.11.7,3.2.6,16,AMD Ryzen 7 6800H with Radeon Graphics,0,,18.4259,-33.9258,15.237815856933594,machine,0.0,0,56.18214285714287,8.561803545270648,N,1.0,0.0
2026-08-20T16:55:07,AMD Ryzen 7 6800H_Code Generation_Measured_2,a97297cf-e600-4d68-9245-4e9009ef9722,5b0fa12a-3dd7-45bb-9766-cc326314d9f1,24.529042600000025,5.215106048848765e-05,2.1260944154619222e-06,10.485355120923913,0.0,10.0,3.81864052309677e-05,0.0,3.550596750000005e-05,7.369237273096775e-05,0.0,South Africa,ZAF,western cape,,,Windows-10-10.0.19045-SP0,3.11.7,3.2.6,16,AMD Ryzen 7 6800H with Radeon Graphics,0,,18.4259,-33.9258,15.237815856933594,machine,0.0,0,56.463636363636375,8.606883829290217,N,1.0,0.0
2026-08-20T16:55:38,AMD Ryzen 7 6800H_Code Generation_Measured_3,c767ebc0-d896-497c-9577-fdac7d351756,5b0fa12a-3dd7-45bb-9766-cc326314d9f1,26.266205600000035,6.139805907111871e-05,2.3375305899196427e-06,13.175380316160004,0.0,10.0,4.950229801194806e-05,0.0,3.725660222222176e-05,8.675890023416981e-05,0.0,South Africa,ZAF,western cape,,,Windows-10-10.0.19045-SP0,3.11.7,3.2.6,16,AMD Ryzen 7 6800H with Radeon Graphics,0,,18.4259,-33.9258,15.237815856933594,machine,0.0,0,57.29166666666666,8.730652491251627,N,1.0,0.0
2026-08-20T16:57:36,AMD Ryzen 7 6800H_Knowledge Retrieval_Warmup,38b0d125-4ffd-434b-ba8c-aa793636b765,5b0fa12a-3dd7-45bb-9766-cc326314d9f1,11.753692,2.8731935445458324e-05,2.444503007689696e-06,10.295290750295456,0.0,10.0,2.0709845589342214e-05,0.0,1.988999027777728e-05,4.0599835867119486e-05,0.0,South Africa,ZAF,western cape,,,Windows-10-10.0.19045-SP0,3.11.7,3.2.6,16,AMD Ryzen 7 6800H with Radeon Graphics,0,,18.4259,-33.9258,15.237815856933594,machine,0.0,0,56.63999999999999,8.62852783203125,N,1.0,0.0
2026-08-20T16:57:50,AMD Ryzen 7 6800H_Knowledge Retrieval_Measured_1,f769324d-081b-49a8-b19c-f4db75986138,5b0fa12a-3dd7-45bb-9766-cc326314d9f1,10.249621300000058,2.3095410241849523e-05,2.2532940062721527e-06,10.24027580925,0.0,10.0,1.6894497475934346e-05,0.0,1.5740612222222064e-05,3.263510969815642e-05,0.0,South Africa,ZAF,western cape,,,Windows-10-10.0.19045-SP0,3.11.7,3.2.6,16,AMD Ryzen 7 6800H with Radeon Graphics,0,,18.4259,-33.9258,15.237815856933594,machine,0.0,0,56.7,8.640414714813232,N,1.0,0.0
2026-08-20T16:58:05,AMD Ryzen 7 6800H_Knowledge Retrieval_Measured_2,9384a857-165a-4c91-8822-5d238c86fabb,5b0fa12a-3dd7-45bb-9766-cc326314d9f1,10.256858599999989,2.3424400168045383e-05,2.283779184403051e-06,10.477096792500005,0.0,10.0,1.7362469522399117e-05,0.0,1.5737521388888354e-05,3.309999091128747e-05,0.0,South Africa,ZAF,western cape,,,Windows-10-10.0.19045-SP0,3.11.7,3.2.6,16,AMD Ryzen 7 6800H with Radeon Graphics,0,,18.4259,-33.9258,15.237815856933594,machine,0.0,0,56.8,8.654213905334473,N,1.0,0.0
2026-08-20T16:58:19,AMD Ryzen 7 6800H_Knowledge Retrieval_Measured_3,39dfbcbb-4ccd-4d48-b9a7-974a93d66937,5b0fa12a-3dd7-45bb-9766-cc326314d9f1,10.621429600000056,2.62979704689515e-05,2.475935110368886e-06,9.943720131375,0.0,10.0,1.8991852431418192e-05,0.0,1.8168654444444125e-05,3.716050687586232e-05,0.0,South Africa,ZAF,western cape,,,Windows-10-10.0.19045-SP0,3.11.7,3.2.6,16,AMD Ryzen 7 6800H with Radeon Graphics,0,,18.4259,-33.9258,15.237815856933594,machine,0.0,0,56.888888888888886,8.669541676839193,N,1.0,0.0
2026-08-20T16:58:30,AMD Ryzen 7 6800H_Summarisation_Warmup,807f9cdc-b911-4512-9469-b500fe379d7c,5b0fa12a-3dd7-45bb-9766-cc326314d9f1,6.705229499999973,1.8257384592703348e-05,2.722857523773559e-06,9.309502468125002,0.0,10.0,1.2993415118272424e-05,0.0,1.280529305555515e-05,2.5798708173827582e-05,0.0,South Africa,ZAF,western cape,,,Windows-10-10.0.19045-SP0,3.11.7,3.2.6,16,AMD Ryzen 7 6800H with Radeon Graphics,0,,18.4259,-33.9258,15.237815856933594,machine,0.0,0,56.88,8.666140747070312,N,1.0,0.0
2026-08-20T16:58:41,AMD Ryzen 7 6800H_Summarisation_Measured_1,4b2c9f34-080c-4a6d-8a3d-7f0ef771dd5c,5b0fa12a-3dd7-45bb-9766-cc326314d9f1,6.851891000000023,1.9280459734952085e-05,2.813888857098284e-06,10.262976886125,0.0,10.0,1.392168488327273e-05,0.0,1.332268583333334e-05,2.724437071660608e-05,0.0,South Africa,ZAF,western cape,,,Windows-10-10.0.19045-SP0,3.11.7,3.2.6,16,AMD Ryzen 7 6800H with Radeon Graphics,0,,18.4259,-33.9258,15.237815856933594,machine,0.0,0,56.78,8.652915954589844,N,1.0,0.0
2026-08-20T16:58:51,AMD Ryzen 7 6800H_Summarisation_Measured_2,e9d606ea-8c1e-470f-aa55-222068718d89,5b0fa12a-3dd7-45bb-9766-cc326314d9f1,6.417921999999976,1.5080642302816897e-05,2.3497702687594134e-06,9.191916774450002,0.0,10.0,1.066098541131593e-05,0.0,1.064880777777767e-05,2.13097931890936e-05,0.0,South Africa,ZAF,western cape,,,Windows-10-10.0.19045-SP0,3.11.7,3.2.6,16,AMD Ryzen 7 6800H with Radeon Graphics,0,,18.4259,-33.9258,15.237815856933594,machine,0.0,0,56.8,8.655485153198242,N,1.0,0.0
2026-08-20T16:59:01,AMD Ryzen 7 6800H_Summarisation_Measured_3,1cc43e72-2792-45ff-bf1d-9d7fffa4e1f6,5b0fa12a-3dd7-45bb-9766-cc326314d9f1,5.824300999999991,1.7317652106877242e-05,2.9733442874736843e-06,10.3312322172,0.0,10.0,1.2583850144504402e-05,0.0,1.1886963333333572e-05,2.447081347783797e-05,0.0,South Africa,ZAF,western cape,,,Windows-10-10.0.19045-SP0,3.11.7,3.2.6,16,AMD Ryzen 7 6800H with Radeon Graphics,0,,18.4259,-33.9258,15.237815856933594,machine,0.0,0,56.77499999999999,8.653047561645508,N,1.0,0.0
2026-08-20T16:59:14,AMD Ryzen 7 6800H_Logical Reasoning_Warmup,4075d402-0865-4c05-be14-40aedadb5421,5b0fa12a-3dd7-45bb-9766-cc326314d9f1,9.386528099999964,2.078102455582829e-05,2.2139202412688e-06,9.485637749156252,0.0,10.0,1.470750517173399e-05,0.0,1.4657247777777929e-05,2.936475294951192e-05,0.0,South Africa,ZAF,western cape,,,Windows-10-10.0.19045-SP0,3.11.7,3.2.6,16,AMD Ryzen 7 6800H with Radeon Graphics,0,,18.4259,-33.9258,15.237815856933594,machine,0.0,0,56.89999999999999,8.668387276785714,N,1.0,0.0
2026-08-20T16:59:30,AMD Ryzen 7 6800H_Logical Reasoning_Measured_1,d71a0ade-2242-49da-abb7-0ff805b67164,5b0fa12a-3dd7-45bb-9766-cc326314d9f1,11.7961368,3.565538528950018e-05,3.0226324002532915e-06,14.537973189477272,0.0,10.0,3.057414899237756e-05,0.0,1.980890972222211e-05,5.038305871459967e-05,0.0,South Africa,ZAF,western cape,,,Windows-10-10.0.19045-SP0,3.11.7,3.2.6,16,AMD Ryzen 7 6800H with Radeon Graphics,0,,18.4259,-33.9258,15.237815856933594,machine,0.0,0,57.75,8.800994491577148,N,1.0,0.0
2026-08-20T16:59:44,AMD Ryzen 7 6800H_Logical Reasoning_Measured_2,aa6e8f73-4c5a-42c3-ac01-cdb72a962bcb,5b0fa12a-3dd7-45bb-9766-cc326314d9f1,10.404927100000007,2.692542286048301e-05,2.587756992596612e-06,13.26329122725,0.0,10.0,2.201683395483245e-05,0.0,1.6030298333333488e-05,3.8047132288165946e-05,0.0,South Africa,ZAF,western cape,,,Windows-10-10.0.19045-SP0,3.11.7,3.2.6,16,AMD Ryzen 7 6800H with Radeon Graphics,0,,18.4259,-33.9258,15.237815856933594,machine,0.0,0,58.3,8.882850170135498,N,1.0,0.0
2026-08-20T17:00:00,AMD Ryzen 7 6800H_Logical Reasoning_Measured_3,aaffd595-b5a3-4083-9e3f-cf11651884e8,5b0fa12a-3dd7-45bb-9766-cc326314d9f1,10.809183500000016,2.645561252113348e-05,2.447512573094298e-06,9.9905860287,0.0,10.0,1.8737465879486404e-05,0.0,1.8645798055554663e-05,3.738326393504106e-05,0.0,South Africa,ZAF,western cape,,,Windows-10-10.0.19045-SP0,3.11.7,3.2.6,16,AMD Ryzen 7 6800H with Radeon Graphics,0,,18.4232,-33.9258,15.237815856933594,machine,0.0,0,58.18888888888888,8.868793487548828,N,1.0,0.0
2026-08-20T17:00:13,AMD Ryzen 7 6800H_Mathematical Reasoning_Warmup,9c6a936b-55d1-404c-8bb5-3a37402b81fa,5b0fa12a-3dd7-45bb-9766-cc326314d9f1,8.60272210000005,2.1828129929704272e-05,2.53735151222706e-06,9.518478064312502,0.0,10.0,1.544561516813541e-05,0.0,1.5398756388888854e-05,3.084437155702426e-05,0.0,South Africa,ZAF,western cape,,,Windows-10-10.0.19045-SP0,3.11.7,3.2.6,16,AMD Ryzen 7 6800H with Radeon Graphics,0,,18.4259,-33.9258,15.237815856933594,machine,0.0,0,58.18571428571429,8.872118813650948,N,1.0,0.0
2026-08-20T17:00:27,AMD Ryzen 7 6800H_Mathematical Reasoning_Measured_1,bffee734-19c0-49a2-8033-e02152a92df6,5b0fa12a-3dd7-45bb-9766-cc326314d9f1,10.300000299999963,2.296854876288358e-05,2.2299561256210507e-06,9.9470376255,0.0,10.0,1.674050398155434e-05,0.0,1.571534333333331e-05,3.2455847314887646e-05,0.0,South Africa,ZAF,western cape,,,Windows-10-10.0.19045-SP0,3.11.7,3.2.6,16,AMD Ryzen 7 6800H with Radeon Graphics,0,,18.4259,-33.9258,15.237815856933594,machine,0.0,0,58.3,8.88097620010376,N,1.0,0.0
2026-08-20T17:00:55,AMD Ryzen 7 6800H_Mathematical Reasoning_Measured_2,397faf5b-7958-4d47-a049-c00958a29305,5b0fa12a-3dd7-45bb-9766-cc326314d9f1,23.5420830999999,5.030130839804319e-05,2.1366549503872665e-06,10.483812329011364,0.0,10.0,3.68711337506672e-05,0.0,3.4207435555555e-05,7.107856930622224e-05,0.0,South Africa,ZAF,western cape,,,Windows-10-10.0.19045-SP0,3.11.7,3.2.6,16,AMD Ryzen 7 6800H with Radeon Graphics,0,,18.4259,-33.9258,15.237815856933594,machine,0.0,0,58.20476190476192,8.87065669468471,N,1.0,0.0
2026-08-20T17:01:20,AMD Ryzen 7 6800H_Mathematical Reasoning_Measured_3,b4e449ea-9b49-4ffd-8f77-fd5e8874c159,5b0fa12a-3dd7-45bb-9766-cc326314d9f1,21.10745829999996,4.821270271364996e-05,2.284154824726104e-06,10.348913880337502,0.0,10.0,3.5029616526679474e-05,0.0,3.3097635833336074e-05,6.812725236001553e-05,0.0,South Africa,ZAF,western cape,,,Windows-10-10.0.19045-SP0,3.11.7,3.2.6,16,AMD Ryzen 7 6800H with Radeon Graphics,0,,18.4259,-33.9258,15.237815856933594,machine,0.0,0,56.18947368421053,8.56294069792095,N,1.0,0.0
2026-08-20T17:01:53,AMD Ryzen 7 6800H_Code Generation_Warmup,3a1b2852-2ec0-470d-a25a-511367bb687f,5b0fa12a-3dd7-45bb-9766-cc326314d9f1,29.76541370000018,6.407580862687364e-05,2.1526933666261543e-06,10.162739587887932,0.0,10.0,4.625827161672396e-05,0.0,4.428443888888673e-05,9.054271050561074e-05,0.0,South Africa,ZAF,western cape,,,Windows-10-10.0.19045-SP0,3.11.7,3.2.6,16,AMD Ryzen 7 6800H with Radeon Graphics,0,,18.4259,-33.9258,15.237815856933594,machine,0.0,0,56.05555555555557,8.54179467095269,N,1.0,0.0
2026-08-20T17:02:29,AMD Ryzen 7 6800H_Code Generation_Measured_1,b608b5f3-7199-4a14-8509-ef74ca9e93c2,5b0fa12a-3dd7-45bb-9766-cc326314d9f1,31.757470900000044,6.808520394892269e-05,2.143911401613615e-06,10.186102846887096,0.0,10.0,4.910011480294196e-05,0.0,4.71080961111113e-05,9.620821091405324e-05,0.0,South Africa,ZAF,western cape,,,Windows-10-10.0.19045-SP0,3.11.7,3.2.6,16,AMD Ryzen 7 6800H with Radeon Graphics,0,,18.4259,-33.9258,15.237815856933594,machine,0.0,0,56.12758620689653,8.555046081542969,N,1.0,0.0
2026-08-20T17:03:04,AMD Ryzen 7 6800H_Code Generation_Measured_2,3c83dccb-1150-4f7e-8599-c84c0900d837,5b0fa12a-3dd7-45bb-9766-cc326314d9f1,31.75858270000004,7.708569101174217e-05,2.4272396454184994e-06,13.691002077450005,0.0,10.0,6.321628965048228e-05,0.0,4.571011416666566e-05,0.0001089264038171,0.0,South Africa,ZAF,western cape,,,Windows-10-10.0.19045-SP0,3.11.7,3.2.6,16,AMD Ryzen 7 6800H with Radeon Graphics,0,,18.4259,-33.9258,15.237815856933594,machine,0.0,0,50.12068965517239,7.636531040586274,N,1.0,0.0
2026-08-20T17:03:41,AMD Ryzen 7 6800H_Code Generation_Measured_3,4437dec4-5c76-441e-a14e-2e7bad9c1d04,5b0fa12a-3dd7-45bb-9766-cc326314d9f1,32.36721729999999,6.947553652890973e-05,2.1464785151273952e-06,11.051082081725804,0.0,10.0,5.2195029087319946e-05,0.0,4.597779972222232e-05,9.817282880954226e-05,0.0,South Africa,ZAF,western cape,,,Windows-10-10.0.19045-SP0,3.11.7,3.2.6,16,AMD Ryzen 7 6800H with Radeon Graphics,0,,18.4259,-33.9258,15.237815856933594,machine,0.0,0,49.62333333333331,7.562237930297852,N,1.0,0.0
2026-08-20T17:04:23,AMD Ryzen 7 6800H_Knowledge Retrieval_Warmup,b1645cca-2907-45ba-b909-4d964f43f6f0,5b0fa12a-3dd7-45bb-9766-cc326314d9f1,9.909825599999976,2.6401900409864663e-05,2.6642144347994105e-06,10.918837354500004,0.0,10.0,1.977546821002542e-05,0.0,1.7531897499999455e-05,3.730736571002487e-05,0.0,South Africa,ZAF,western cape,,,Windows-10-10.0.19045-SP0,3.11.7,3.2.6,16,AMD Ryzen 7 6800H with Radeon Graphics,0,,18.4259,-33.9258,15.237815856933594,machine,0.0,0,50.9625,7.762935161590576,N,1.0,0.0
2026-08-20T17:04:39,AMD Ryzen 7 6800H_Knowledge Retrieval_Measured_1,e7bf10ee-d01e-4013-b7cc-0d76bc1811a0,5b0fa12a-3dd7-45bb-9766-cc326314d9f1,11.11054880000006,2.514910442920803e-05,2.2635339515549307e-06,10.9061671473,0.0,10.0,1.8895047519241683e-05,0.0,1.66420472222228e-05,3.553709474146448e-05,0.0,South Africa,ZAF,western cape,,,Windows-10-10.0.19045-SP0,3.11.7,3.2.6,16,AMD Ryzen 7 6800H with Radeon Graphics,0,,18.4259,-33.9258,15.237815856933594,machine,0.0,0,51.12222222222224,7.790458679199219,N,1.0,0.0
2026-08-20T17:04:51,AMD Ryzen 7 6800H_Knowledge Retrieval_Measured_2,af4d0ed1-ace8-4857-ba2c-5761ab2b1f60,5b0fa12a-3dd7-45bb-9766-cc326314d9f1,8.583975699999883,2.142574970794639e-05,2.496017050461441e-06,9.132097328718752,0.0,10.0,1.497292657439181e-05,0.0,1.5302859166666218e-05,3.0275785741058024e-05,0.0,South Africa,ZAF,western cape,,,Windows-10-10.0.19045-SP0,3.11.7,3.2.6,16,AMD Ryzen 7 6800H with Radeon Graphics,0,,18.4259,-33.9258,15.237815856933594,machine,0.0,0,51.06666666666666,7.778567632039388,N,1.0,0.0
2026-08-20T17:05:05,AMD Ryzen 7 6800H_Knowledge Retrieval_Measured_3,6e4c1275-85b4-4c29-9d88-9742741fd4e6,5b0fa12a-3dd7-45bb-9766-cc326314d9f1,10.355089399999995,2.373805762531958e-05,2.292404894671367e-06,10.837893357,0.0,10.0,1.765034120832016e-05,0.0,1.5892865277776184e-05,3.354320648609635e-05,0.0,South Africa,ZAF,western cape,,,Windows-10-10.0.19045-SP0,3.11.7,3.2.6,16,AMD Ryzen 7 6800H with Radeon Graphics,0,,18.4259,-33.9258,15.237815856933594,machine,0.0,0,51.3125,7.816394805908203,N,1.0,0.0
2026-08-20T17:05:15,AMD Ryzen 7 6800H_Summarisation_Warmup,f4fa527e-88e7-47a6-b0c1-ebc2ff69bdb7,5b0fa12a-3dd7-45bb-9766-cc326314d9f1,5.675386500000059,1.489396132351813e-05,2.6243078464379435e-06,7.630184443500002,0.0,10.0,9.60670805315772e-06,0.0,1.1439294444444512e-05,2.1046002497602228e-05,0.0,South Africa,ZAF,western cape,,,Windows-10-10.0.19045-SP0,3.11.7,3.2.6,16,AMD Ryzen 7 6800H with Radeon Graphics,0,,18.4259,-33.9258,15.237815856933594,machine,0.0,0,51.27499999999999,7.813912391662598,N,1.0,0.0
2026-08-20T17:05:25,AMD Ryzen 7 6800H_Summarisation_Measured_1,bfe9c6c2-2258-45c2-911f-f10052a17ce2,5b0fa12a-3dd7-45bb-9766-cc326314d9f1,5.35630470000001,1.3811911325710685e-05,2.578626889114553e-06,10.306582007625,0.0,10.0,1.0337583232584525e-05,0.0,9.179421944444104e-06,1.951700517702863e-05,0.0,South Africa,ZAF,western cape,,,Windows-10-10.0.19045-SP0,3.11.7,3.2.6,16,AMD Ryzen 7 6800H with Radeon Graphics,0,,18.4259,-33.9258,15.237815856933594,machine,0.0,0,51.29999999999999,7.815175374348958,N,1.0,0.0
2026-08-20T17:05:35,AMD Ryzen 7 6800H_Summarisation_Measured_2,033ab478-1a9c-4c1e-8e4e-9c58b9a0c2de,5b0fa12a-3dd7-45bb-9766-cc326314d9f1,6.5978874999998425,1.7181940393959776e-05,2.604157829905433e-06,7.973813380875001,0.0,10.0,1.1708020217738384e-05,0.0,1.2571024999999104e-05,2.427904521773749e-05,0.0,South Africa,ZAF,western cape,,,Windows-10-10.0.19045-SP0,3.11.7,3.2.6,16,AMD Ryzen 7 6800H with Radeon Graphics,0,,18.4259,-33.9258,15.237815856933594,machine,0.0,0,50.98,7.767368316650391,N,1.0,0.0
2026-08-20T17:05:46,AMD Ryzen 7 6800H_Summarisation_Measured_3,fb9e83a3-c2a4-45b0-ba4e-e86b0b578755,5b0fa12a-3dd7-45bb-9766-cc326314d9f1,6.211708000000044,1.51137391982041e-05,2.4331052261638816e-06,10.1178110277,0.0,10.0,1.1224658180336031e-05,0.0,1.01319027777783e-05,2.135656095811433e-05,0.0,South Africa,ZAF,western cape,,,Windows-10-10.0.19045-SP0,3.11.7,3.2.6,16,AMD Ryzen 7 6800H with Radeon Graphics,0,,18.4259,-33.9258,15.237815856933594,machine,0.0,0,51.0,7.7749528884887695,N,1.0,0.0
2026-08-20T17:05:57,AMD Ryzen 7 6800H_Logical Reasoning_Warmup,4eb1e10b-00fa-4cfb-8952-0b0eff65407f,5b0fa12a-3dd7-45bb-9766-cc326314d9f1,7.426608499999929,1.7511521579289445e-05,2.357943276434945e-06,9.72497654325,0.0,10.0,1.2680431635400628e-05,0.0,1.2064330277777595e-05,2.4744761913178225e-05,0.0,South Africa,ZAF,western cape,,,Windows-10-10.0.19045-SP0,3.11.7,3.2.6,16,AMD Ryzen 7 6800H with Radeon Graphics,0,,18.4259,-33.9258,15.237815856933594,machine,0.0,0,51.1,7.789730834960937,N,1.0,0.0
2026-08-20T17:06:11,AMD Ryzen 7 6800H_Logical Reasoning_Measured_1,d5e0044a-4224-4743-bcfe-2eb04a955ab6,5b0fa12a-3dd7-45bb-9766-cc326314d9f1,9.554922699999906,2.3258396009836942e-05,2.4341794005133263e-06,9.304645344249998,0.0,10.0,1.6337057171849577e-05,0.0,1.6528360555556296e-05,3.286541772740586e-05,0.0,South Africa,ZAF,western cape,,,Windows-10-10.0.19045-SP0,3.11.7,3.2.6,16,AMD Ryzen 7 6800H with Radeon Graphics,0,,18.4259,-33.9258,15.237815856933594,machine,0.0,0,51.2,7.799513680594308,N,1.0,0.0
2026-08-20T17:06:21,AMD Ryzen 7 6800H_Logical Reasoning_Measured_2,c051aa86-80e4-4126-93ec-3b25aeec2160,5b0fa12a-3dd7-45bb-9766-cc326314d9f1,7.058831899999859,2.0511128120157696e-05,2.905739704632732e-06,10.897222311,0.0,10.0,1.5172377763146524e-05,0.0,1.3810996388889409e-05,2.898337415203592e-05,0.0,South Africa,ZAF,western cape,,,Windows-10-10.0.19045-SP0,3.11.7,3.2.6,16,AMD Ryzen 7 6800H with Radeon Graphics,0,,18.4259,-33.9258,15.237815856933594,machine,0.0,0,51.28,7.809989166259766,N,1.0,0.0
2026-08-20T17:06:36,AMD Ryzen 7 6800H_Logical Reasoning_Measured_3,96e1c687-5762-4413-bdd2-a3ba415c3d18,5b0fa12a-3dd7-45bb-9766-cc326314d9f1,10.402773400000116,2.3938639927729347e-05,2.3011786383551413e-06,10.649207522250002,0.0,10.0,1.7670703859963144e-05,0.0,1.6155936666667812e-05,3.3826640526630946e-05,0.0,South Africa,ZAF,western cape,,,Windows-10-10.0.19045-SP0,3.11.7,3.2.6,16,AMD Ryzen 7 6800H with Radeon Graphics,0,,18.4259,-33.9258,15.237815856933594,machine,0.0,0,51.20000000000001,7.800893783569336,N,1.0,0.0
2026-08-20T17:06:54,AMD Ryzen 7 6800H_Mathematical Reasoning_Warmup,4fc4cb61-da0f-416c-b38c-f9f3f92d82ed,5b0fa12a-3dd7-45bb-9766-cc326314d9f1,14.54582900000014,3.323456643981259e-05,2.2848176229634126e-06,11.003686901653849,0.0,10.0,2.497584871545684e-05,0.0,2.1986457222222573e-05,4.696230593767941e-05,0.0,South Africa,ZAF,western cape,,,Windows-10-10.0.19045-SP0,3.11.7,3.2.6,16,AMD Ryzen 7 6800H with Radeon Graphics,0,,18.4259,-33.9258,15.237815856933594,machine,0.0,0,51.19166666666667,7.79787540435791,N,1.0,0.0
2026-08-20T17:07:05,AMD Ryzen 7 6800H_Mathematical Reasoning_Measured_1,e3c00250-0198-4640-8b7a-51bf828ffcc1,5b0fa12a-3dd7-45bb-9766-cc326314d9f1,6.788103800000044,1.7656141868411053e-05,2.6010418209001074e-06,8.586085287749999,0.0,10.0,1.1863702657650944e-05,0.0,1.308541583333383e-05,2.4949118490984776e-05,0.0,South Africa,ZAF,western cape,,,Windows-10-10.0.19045-SP0,3.11.7,3.2.6,16,AMD Ryzen 7 6800H with Radeon Graphics,0,,18.4259,-33.9258,15.237815856933594,machine,0.0,0,51.3,7.820158386230469,N,1.0,0.0
2026-08-20T17:07:17,AMD Ryzen 7 6800H_Mathematical Reasoning_Measured_2,3050711c-3dfd-43ef-b11e-abe78fc373d8,5b0fa12a-3dd7-45bb-9766-cc326314d9f1,7.855982699999913,2.1490046575968416e-05,2.735500751035088e-06,10.407349078392858,0.0,10.0,1.572033859866342e-05,0.0,1.4646302222221016e-05,3.0366640820884425e-05,0.0,South Africa,ZAF,western cape,,,Windows-10-10.0.19045-SP0,3.11.7,3.2.6,16,AMD Ryzen 7 6800H with Radeon Graphics,0,,18.4259,-33.9258,15.237815856933594,machine,0.0,0,51.35,7.824622472127278,N,1.0,0.0
2026-08-20T17:07:31,AMD Ryzen 7 6800H_Mathematical Reasoning_Measured_3,6dfcb65d-9fc7-4b12-a208-380ba0a5617c,5b0fa12a-3dd7-45bb-9766-cc326314d9f1,10.226448800000073,2.3182241575485032e-05,2.266890689902527e-06,10.59915455325,0.0,10.0,1.707251557480159e-05,0.0,1.5685291666665707e-05,3.27578072414673e-05,0.0,South Africa,ZAF,western cape,,,Windows-10-10.0.19045-SP0,3.11.7,3.2.6,16,AMD Ryzen 7 6800H with Radeon Graphics,0,,18.4259,-33.9258,15.237815856933594,machine,0.0,0,51.25,7.810552597045898,N,1.0,0.0
2026-08-20T17:07:58,AMD Ryzen 7 6800H_Code Generation_Warmup,a635b3f1-0887-4a9c-b949-fe3f57c33bba,5b0fa12a-3dd7-45bb-9766-cc326314d9f1,23.146030799999835,5.3304327970822894e-05,2.302957618583281e-06,10.657267908647729,0.0,10.0,3.936495240610539e-05,0.0,3.5957051944444e-05,7.532200435054939e-05,0.0,South Africa,ZAF,western cape,,,Windows-10-10.0.19045-SP0,3.11.7,3.2.6,16,AMD Ryzen 7 6800H with Radeon Graphics,0,,18.4259,-33.9258,15.237815856933594,machine,0.0,0,51.27142857142857,7.810658046177456,N,1.0,0.0
2026-08-20T17:08:28,AMD Ryzen 7 6800H_Code Generation_Measured_1,10739412-c4d1-40b4-b1a9-661f60aff809,5b0fa12a-3dd7-45bb-9766-cc326314d9f1,25.351649899999984,5.395451843670218e-05,2.1282448538665805e-06,10.640708811,0.0,10.0,3.986924993689619e-05,0.0,3.637150999999979e-05,7.624075993689598e-05,0.0,South Africa,ZAF,western cape,,,Windows-10-10.0.19045-SP0,3.11.7,3.2.6,16,AMD Ryzen 7 6800H with Radeon Graphics,0,,18.4259,-33.9258,15.237815856933594,machine,0.0,0,51.41304347826086,7.837075440779976,N,1.0,0.0
2026-08-20T17:08:54,AMD Ryzen 7 6800H_Code Generation_Measured_2,f27e797a-1c75-4050-b9bc-32a17ee1d0cf,5b0fa12a-3dd7-45bb-9766-cc326314d9f1,21.84844780000003,5.149278889447281e-05,2.3568168029983687e-06,11.094871424785714,0.0,10.0,3.900594500187765e-05,0.0,3.375625305555571e-05,7.276219805743339e-05,0.0,South Africa,ZAF,western cape,,,Windows-10-10.0.19045-SP0,3.11.7,3.2.6,16,AMD Ryzen 7 6800H with Radeon Graphics,0,,18.4259,-33.9258,15.237815856933594,machine,0.0,0,50.42499999999999,7.685480499267578,N,1.0,0.0
2026-08-20T17:09:31,AMD Ryzen 7 6800H_Code Generation_Measured_3,1158777c-af05-4fa3-abcf-3d2a03e8ce39,5b0fa12a-3dd7-45bb-9766-cc326314d9f1,33.217402900000025,7.382381875536372e-05,2.222444029643379e-06,10.824117073593753,0.0,10.0,5.456918486072151e-05,0.0,4.974801055555594e-05,0.0001043171954162,0.0,South Africa,ZAF,western cape,,,Windows-10-10.0.19045-SP0,3.11.7,3.2.6,16,AMD Ryzen 7 6800H with Radeon Graphics,0,,18.4259,-33.9258,15.237815856933594,machine,0.0,0,50.46774193548387,7.68919926304971,N,1.0,0.0
2026-08-20T17:10:08,AMD Ryzen 7 6800H_Knowledge Retrieval_Warmup,bf0686bf-64ee-436f-9c71-82de4715a269,5b0fa12a-3dd7-45bb-9766-cc326314d9f1,11.324261799999933,2.4669121076260475e-05,2.17843083389865e-06,9.950671905075,0.0,10.0,1.768291329414028e-05,0.0,1.717593805555503e-05,3.485885134969531e-05,0.0,South Africa,ZAF,western cape,,,Windows-10-10.0.19045-SP0,3.11.7,3.2.6,16,AMD Ryzen 7 6800H with Radeon Graphics,0,,18.4259,-33.9258,15.237815856933594,machine,0.0,0,51.3,7.814791785346137,N,1.0,0.0
2026-08-20T17:10:21,AMD Ryzen 7 6800H_Knowledge Retrieval_Measured_1,31fab410-4ca1-4749-a12f-b6020fb1a496,5b0fa12a-3dd7-45bb-9766-cc326314d9f1,9.462737199999992,2.149312610456628e-05,2.2713434443224627e-06,10.11825518765625,0.0,10.0,1.5404481534137987e-05,0.0,1.4966510833333282e-05,3.037099236747128e-05,0.0,South Africa,ZAF,western cape,,,Windows-10-10.0.19045-SP0,3.11.7,3.2.6,16,AMD Ryzen 7 6800H with Radeon Graphics,0,,18.4259,-33.9258,15.237815856933594,machine,0.0,0,51.39999999999999,7.830484117780413,N,1.0,0.0
2026-08-20T17:10:36,AMD Ryzen 7 6800H_Knowledge Retrieval_Measured_2,7b7ea402-9754-4885-a6b3-bfc9e9f09f2f,5b0fa12a-3dd7-45bb-9766-cc326314d9f1,11.091743899999983,2.911232050939252e-05,2.6246837983153003e-06,11.077024708575,0.0,10.0,2.1701253236193613e-05,0.0,1.9436088055555145e-05,4.113734129174877e-05,0.0,South Africa,ZAF,western cape,,,Windows-10-10.0.19045-SP0,3.11.7,3.2.6,16,AMD Ryzen 7 6800H with Radeon Graphics,0,,18.4259,-33.9258,15.237815856933594,machine,0.0,0,51.48888888888889,7.849434746636285,N,1.0,0.0
2026-08-20T17:10:50,AMD Ryzen 7 6800H_Knowledge Retrieval_Measured_3,dbfb3ae5-16fc-4896-b69b-58c2b12730cd,5b0fa12a-3dd7-45bb-9766-cc326314d9f1,9.995686299999988,2.685591826606949e-05,2.686750810303993e-06,11.221196070750002,0.0,10.0,2.023783562115812e-05,0.0,1.7711082777777973e-05,3.7948918398936094e-05,0.0,South Africa,ZAF,western cape,,,Windows-10-10.0.19045-SP0,3.11.7,3.2.6,16,AMD Ryzen 7 6800H with Radeon Graphics,0,,18.4259,-33.9258,15.237815856933594,machine,0.0,0,51.587500000000006,7.858184814453125,N,1.0,0.0
2026-08-20T17:11:01,AMD Ryzen 7 6800H_Summarisation_Warmup,90d4d756-0eaa-4c95-adcc-d348fc0e03c9,5b0fa12a-3dd7-45bb-9766-cc326314d9f1,6.203671900000018,1.4644020579756514e-05,2.360540791939121e-06,9.91692937125,0.0,10.0,1.056071165621153e-05,0.0,1.0132110555555429e-05,2.069282221176696e-05,0.0,South Africa,ZAF,western cape,,,Windows-10-10.0.19045-SP0,3.11.7,3.2.6,16,AMD Ryzen 7 6800H with Radeon Graphics,0,,18.4259,-33.9258,15.237815856933594,machine,0.0,0,51.6,7.866473197937012,N,1.0,0.0
2026-08-20T17:11:13,AMD Ryzen 7 6800H_Summarisation_Measured_1,9394039d-d280-4000-ab13-ff3d956aa281,5b0fa12a-3dd7-45bb-9766-cc326314d9f1,6.891906500000005,2.081264339314513e-05,3.019867346306152e-06,11.31255679275,0.0,10.0,1.592964297293375e-05,0.0,1.3479789166666478e-05,2.940943213960023e-05,0.0,South Africa,ZAF,western cape,,,Windows-10-10.0.19045-SP0,3.11.7,3.2.6,16,AMD Ryzen 7 6800H with Radeon Graphics,0,,18.4232,-33.9258,15.237815856933594,machine,0.0,0,51.58,7.862628936767578,N,1.0,0.0
2026-08-20T17:11:24,AMD Ryzen 7 6800H_Summarisation_Measured_2,e9882bea-9d57-4aa1-9882-ddbc2e479c38,5b0fa12a-3dd7-45bb-9766-cc326314d9f1,7.032914099999971,1.777895360868471e-05,2.5279639927188625e-06,8.470824216000002,0.0,10.0,1.1336142255290609e-05,0.0,1.3786516111110182e-05,2.5122658366400792e-05,0.0,South Africa,ZAF,western cape,,,Windows-10-10.0.19045-SP0,3.11.7,3.2.6,16,AMD Ryzen 7 6800H with Radeon Graphics,0,,18.4259,-33.9258,15.237815856933594,machine,0.0,0,51.54,7.851894378662109,N,1.0,0.0
2026-08-20T17:11:34,AMD Ryzen 7 6800H_Summarisation_Measured_3,b1206f48-90a3-4fcf-a4bf-2da1db8affe5,5b0fa12a-3dd7-45bb-9766-cc326314d9f1,6.237542800000028,1.4912422312503444e-05,2.390752703533093e-06,9.401696232300004,0.0,10.0,1.0919418076866444e-05,0.0,1.0152670833333057e-05,2.10720889101995e-05,0.0,South Africa,ZAF,western cape,,,Windows-10-10.0.19045-SP0,3.11.7,3.2.6,16,AMD Ryzen 7 6800H with Radeon Graphics,0,,18.4259,-33.9258,15.237815856933594,machine,0.0,0,51.475,7.843393325805664,N,1.0,0.0
2026-08-20T17:11:47,AMD Ryzen 7 6800H_Logical Reasoning_Warmup,316774d9-59be-49a4-963d-34b3d0d5bd10,5b0fa12a-3dd7-45bb-9766-cc326314d9f1,9.26002870000002,2.066663134155652e-05,2.2318107223097994e-06,9.968065979906251,0.0,10.0,1.4806623645608388e-05,0.0,1.4396485277779272e-05,2.920310892338766e-05,0.0,South Africa,ZAF,western cape,,,Windows-10-10.0.19045-SP0,3.11.7,3.2.6,16,AMD Ryzen 7 6800H with Radeon Graphics,0,,18.4259,-33.9258,15.237815856933594,machine,0.0,0,51.385714285714286,7.82758058820452,N,1.0,0.0
2026-08-20T17:12:01,AMD Ryzen 7 6800H_Logical Reasoning_Measured_1,6c968c3f-75ec-4a34-9277-c5caf06027dc,5b0fa12a-3dd7-45bb-9766-cc326314d9f1,9.521617299999887,2.1959686942081897e-05,2.306298000664462e-06,10.232537813437505,0.0,10.0,1.5928322047852037e-05,0.0,1.5101946944443828e-05,3.103026899229587e-05,0.0,South Africa,ZAF,western cape,,,Windows-10-10.0.19045-SP0,3.11.7,3.2.6,16,AMD Ryzen 7 6800H with Radeon Graphics,0,,18.4259,-33.9258,15.237815856933594,machine,0.0,0,51.5,7.846149989536831,N,1.0,0.0
2026-08-20T17:12:13,AMD Ryzen 7 6800H_Logical Reasoning_Measured_2,c7d226de-e7e0-4370-9701-ecf7a5fa1dbd,5b0fa12a-3dd7-45bb-9766-cc326314d9f1,8.423720000000003,2.046463271867059e-05,2.429405621111645e-06,10.632168428785716,0.0,10.0,1.554576687593702e-05,0.0,1.337190666666604e-05,2.891767354260306e-05,0.0,South Africa,ZAF,western cape,,,Windows-10-10.0.19045-SP0,3.11.7,3.2.6,16,AMD Ryzen 7 6800H with Radeon Graphics,0,,18.4259,-33.9258,15.237815856933594,machine,0.0,0,51.6,7.859212239583333,N,1.0,0.0
2026-08-20T17:12:26,AMD Ryzen 7 6800H_Logical Reasoning_Measured_3,3ccb94a1-3e13-41b3-85c9-ffee55eacf53,5b0fa12a-3dd7-45bb-9766-cc326314d9f1,8.826937499999985,2.189850664970168e-05,2.480872516623315e-06,8.921920477781251,0.0,10.0,1.4901911141941448e-05,0.0,1.6041906666665304e-05,3.094381780860675e-05,0.0,South Africa,ZAF,western cape,,,Windows-10-10.0.19045-SP0,3.11.7,3.2.6,16,AMD Ryzen 7 6800H with Radeon Graphics,0,,18.4259,-33.9258,15.237815856933594,machine,0.0,0,51.67142857142857,7.869185311453683,N,1.0,0.0
2026-08-20T17:12:43,AMD Ryzen 7 6800H_Mathematical Reasoning_Warmup,6822de66-06b9-45d3-94ba-83e6eea4afe3,5b0fa12a-3dd7-45bb-9766-cc326314d9f1,12.311599699999988,2.7960225695855485e-05,2.271047335615981e-06,10.808946987136364,0.0,10.0,2.088900060782313e-05,0.0,1.86203661111108e-05,3.950936671893394e-05,0.0,South Africa,ZAF,western cape,,,Windows-10-10.0.19045-SP0,3.11.7,3.2.6,16,AMD Ryzen 7 6800H with Radeon Graphics,0,,18.4259,-33.9258,15.237815856933594,machine,0.0,0,52.040000000000006,7.931466293334961,N,1.0,0.0
2026-08-20T17:12:55,AMD Ryzen 7 6800H_Mathematical Reasoning_Measured_1,e8c3202a-eb72-4439-a374-aa41bea3486b,5b0fa12a-3dd7-45bb-9766-cc326314d9f1,8.28508009999996,2.0135531507847083e-05,2.430336371503177e-06,11.06950593632143,0.0,10.0,1.537410591138699e-05,0.0,1.3078529166666109e-05,2.845263507805309e-05,0.0,South Africa,ZAF,western cape,,,Windows-10-10.0.19045-SP0,3.11.7,3.2.6,16,AMD Ryzen 7 6800H with Radeon Graphics,0,,18.4259,-33.9258,15.237815856933594,machine,0.0,0,52.18333333333333,7.950023651123047,N,1.0,0.0
2026-08-20T17:13:15,AMD Ryzen 7 6800H_Mathematical Reasoning_Measured_2,1b281a4f-0be5-49f2-b5b0-76462d98c942,5b0fa12a-3dd7-45bb-9766-cc326314d9f1,16.8869130999999,3.974454840072978e-05,2.3535709673741383e-06,10.573448779125002,0.0,10.0,2.909763298196405e-05,0.0,2.70636425000008e-05,5.6161275481964856e-05,0.0,South Africa,ZAF,western cape,,,Windows-10-10.0.19045-SP0,3.11.7,3.2.6,16,AMD Ryzen 7 6800H with Radeon Graphics,0,,18.4259,-33.9258,15.237815856933594,machine,0.0,0,52.286666666666655,7.968644968668619,N,1.0,0.0
2026-08-20T17:13:29,AMD Ryzen 7 6800H_Mathematical Reasoning_Measured_3,b4d0e25b-a18c-42da-a164-dac607ff9351,5b0fa12a-3dd7-45bb-9766-cc326314d9f1,9.909236700000063,2.674034930100997e-05,2.698527657635809e-06,11.272865274000004,0.0,10.0,2.018711991546523e-05,0.0,1.7598493055555768e-05,3.7785612971021e-05,0.0,South Africa,ZAF,western cape,,,Windows-10-10.0.19045-SP0,3.11.7,3.2.6,16,AMD Ryzen 7 6800H with Radeon Graphics,0,,18.4259,-33.9258,15.237815856933594,machine,0.0,0,52.1875,7.953531265258789,N,1.0,0.0
2026-08-20T17:14:07,AMD Ryzen 7 6800H_Code Generation_Warmup,01f8353e-02a2-42ab-85af-713ad454764d,5b0fa12a-3dd7-45bb-9766-cc326314d9f1,33.925553200000195,7.2103022727728e-05,2.125330788348872e-06,10.177501422545456,0.0,10.0,5.1799750528109486e-05,0.0,5.008586361111044e-05,0.0001018856141392,0.0,South Africa,ZAF,western cape,,,Windows-10-10.0.19045-SP0,3.11.7,3.2.6,16,AMD Ryzen 7 6800H with Radeon Graphics,0,,18.4259,-33.9258,15.237815856933594,machine,0.0,0,52.24374999999999,7.961150884628296,N,1.0,0.0
2026-08-20T17:14:37,AMD Ryzen 7 6800H_Code Generation_Measured_1,b9218f78-5983-494f-9248-a8836bcbe1b8,5b0fa12a-3dd7-45bb-9766-cc326314d9f1,26.46243760000016,6.027272571745955e-05,2.2776709624611147e-06,12.26744697105,0.0,10.0,4.711829666030876e-05,0.0,3.805044444444611e-05,8.516874110475487e-05,0.0,South Africa,ZAF,western cape,,,Windows-10-10.0.19045-SP0,3.11.7,3.2.6,16,AMD Ryzen 7 6800H with Radeon Graphics,0,,18.4259,-33.9258,15.237815856933594,machine,0.0,0,52.57083333333333,8.011465072631836,N,1.0,0.0
2026-08-20T17:15:18,AMD Ryzen 7 6800H_Code Generation_Measured_2,7b0dd48a-1aba-4567-ac75-37e4b0f45409,5b0fa12a-3dd7-45bb-9766-cc326314d9f1,36.71096200000011,7.811543102455969e-05,2.1278502869131967e-06,10.798229967814288,0.0,10.0,5.802149752909125e-05,0.0,5.2359986666667474e-05,0.0001103814841957,0.0,South Africa,ZAF,western cape,,,Windows-10-10.0.19045-SP0,3.11.7,3.2.6,16,AMD Ryzen 7 6800H with Radeon Graphics,0,,18.4259,-33.9258,15.237815856933594,machine,0.0,0,52.62352941176469,8.019569733563591,N,1.0,0.0
2026-08-20T17:15:58,AMD Ryzen 7 6800H_Code Generation_Measured_3,ea74083f-237c-4061-8662-8b6c7ae1f965,5b0fa12a-3dd7-45bb-9766-cc326314d9f1,35.876040399999965,7.811587811584518e-05,2.1773829342617546e-06,10.61784934155,0.0,10.0,5.74776170719259e-05,0.0,5.290449888888892e-05,0.0001103821159608,0.0,South Africa,ZAF,western cape,,,Windows-10-10.0.19045-SP0,3.11.7,3.2.6,16,AMD Ryzen 7 6800H with Radeon Graphics,0,,18.4259,-33.9258,15.237815856933594,machine,0.0,0,52.71470588235297,8.032509859870462,N,1.0,0.0
2026-08-20T17:17:27,AMD Ryzen 7 6800H_Knowledge Retrieval_Warmup,3d7a4279-f1fa-40fb-b672-5ec3da006fa1,5b0fa12a-3dd7-45bb-9766-cc326314d9f1,10.221570100000008,2.5737765786490783e-05,2.517985547689074e-06,12.79302370875,0.0,10.0,2.0698394302804665e-05,0.0,1.567051194444452e-05,3.6368906247249175e-05,0.0,South Africa,ZAF,western cape,,,Windows-10-10.0.19045-SP0,3.11.7,3.2.6,16,AMD Ryzen 7 6800H with Radeon Graphics,0,,18.4259,-33.9258,15.237815856933594,machine,0.0,0,54.66250000000001,8.328000545501709,N,1.0,0.0
2026-08-20T17:17:40,AMD Ryzen 7 6800H_Knowledge Retrieval_Measured_1,10c31e5a-044d-4441-890f-a102d17c831c,5b0fa12a-3dd7-45bb-9766-cc326314d9f1,9.353713900000002,2.3431820118770248e-05,2.505081978054753e-06,11.87959086421875,0.0,10.0,1.8569582662163663e-05,0.0,1.4540893055556128e-05,3.311047571771979e-05,0.0,South Africa,ZAF,western cape,,,Windows-10-10.0.19045-SP0,3.11.7,3.2.6,16,AMD Ryzen 7 6800H with Radeon Graphics,0,,18.4259,-33.9258,15.237815856933594,machine,0.0,0,54.3,8.272003173828125,N,1.0,0.0
2026-08-20T17:17:54,AMD Ryzen 7 6800H_Knowledge Retrieval_Measured_2,3a01d3b7-fd95-4118-9478-d4199d97837f,5b0fa12a-3dd7-45bb-9766-cc326314d9f1,9.769332499999791,2.7914240806029574e-05,2.8573334775973864e-06,12.7493600805,0.0,10.0,2.225373110221568e-05,0.0,1.719065638888853e-05,3.944438749110421e-05,0.0,South Africa,ZAF,western cape,,,Windows-10-10.0.19045-SP0,3.11.7,3.2.6,16,AMD Ryzen 7 6800H with Radeon Graphics,0,,18.4259,-33.9258,15.237815856933594,machine,0.0,0,54.4,8.290067195892334,N,1.0,0.0
2026-08-20T17:18:12,AMD Ryzen 7 6800H_Knowledge Retrieval_Measured_3,685aae35-8c79-473b-8a72-603ef935f950,5b0fa12a-3dd7-45bb-9766-cc326314d9f1,12.224389700000074,2.9874369818008643e-05,2.443833234309314e-06,12.79589437329546,0.0,10.0,2.400479330624184e-05,0.0,1.82093663888894e-05,4.221415969513123e-05,0.0,South Africa,ZAF,western cape,,,Windows-10-10.0.19045-SP0,3.11.7,3.2.6,16,AMD Ryzen 7 6800H with Radeon Graphics,0,,18.4232,-33.9258,15.237815856933594,machine,0.0,0,54.5,8.305857086181641,N,1.0,0.0
2026-08-20T17:18:22,AMD Ryzen 7 6800H_Summarisation_Warmup,958a3d78-b46f-4e92-a8a9-01e67b50b806,5b0fa12a-3dd7-45bb-9766-cc326314d9f1,6.652534899999864,1.902458548030709e-05,2.859749819622514e-06,10.773881213624998,0.0,10.0,1.4162796880516134e-05,0.0,1.2720009166667347e-05,2.6882806047183485e-05,0.0,South Africa,ZAF,western cape,,,Windows-10-10.0.19045-SP0,3.11.7,3.2.6,16,AMD Ryzen 7 6800H with Radeon Graphics,0,,18.4259,-33.9258,15.237815856933594,machine,0.0,0,54.74,8.344422149658204,N,1.0,0.0
2026-08-20T17:18:32,AMD Ryzen 7 6800H_Summarisation_Measured_1,092d8937-5715-4f13-a3b1-57d3f23882ec,5b0fa12a-3dd7-45bb-9766-cc326314d9f1,5.900064100000236,1.818685125733388e-05,3.0824836729033418e-06,11.33374363335,0.0,10.0,1.3630353949272442e-05,0.0,1.2068686666670044e-05,2.569904061594249e-05,0.0,South Africa,ZAF,western cape,,,Windows-10-10.0.19045-SP0,3.11.7,3.2.6,16,AMD Ryzen 7 6800H with Radeon Graphics,0,,18.4259,-33.9258,15.237815856933594,machine,0.0,0,54.675,8.32938289642334,N,1.0,0.0
2026-08-20T17:18:43,AMD Ryzen 7 6800H_Summarisation_Measured_2,fcc335e5-ffe8-41f6-ba47-5db633a90429,5b0fa12a-3dd7-45bb-9766-cc326314d9f1,6.9884791999998015,1.8302549396894056e-05,2.6189602734876246e-06,9.08660130225,0.0,10.0,1.215476274133688e-05,0.0,1.370776583333332e-05,2.58625285746702e-05,0.0,South Africa,ZAF,western cape,,,Windows-10-10.0.19045-SP0,3.11.7,3.2.6,16,AMD Ryzen 7 6800H with Radeon Graphics,0,,18.4259,-33.9258,15.237815856933594,machine,0.0,0,54.98,8.377494049072265,N,1.0,0.0
2026-08-20T17:18:54,AMD Ryzen 7 6800H_Summarisation_Measured_3,21f2bd5f-37d6-44e7-a779-9d8a525f81fb,5b0fa12a-3dd7-45bb-9766-cc326314d9f1,6.23347270000022,1.5010186881728088e-05,2.407997532695949e-06,9.61734318705,0.0,10.0,1.1000944895122364e-05,0.0,1.02092908333336e-05,2.1210235728455963e-05,0.0,South Africa,ZAF,western cape,,,Windows-10-10.0.19045-SP0,3.11.7,3.2.6,16,AMD Ryzen 7 6800H with Radeon Graphics,0,,18.4259,-33.9258,15.237815856933594,machine,0.0,0,54.95,8.372743606567383,N,1.0,0.0
2026-08-20T17:19:10,AMD Ryzen 7 6800H_Logical Reasoning_Warmup,fc7b9a63-86ad-4847-80f8-68affa393b7a,5b0fa12a-3dd7-45bb-9766-cc326314d9f1,11.540219400000296,2.6138383986345144e-05,2.264981546741172e-06,10.402283353050002,0.0,10.0,1.918395889412956e-05,0.0,1.7751043333334513e-05,3.693500222746408e-05,0.0,South Africa,ZAF,western cape,,,Windows-10-10.0.19045-SP0,3.11.7,3.2.6,16,AMD Ryzen 7 6800H with Radeon Graphics,0,,18.4259,-33.9258,15.237815856933594,machine,0.0,0,54.92222222222222,8.371842278374565,N,1.0,0.0
2026-08-20T17:19:24,AMD Ryzen 7 6800H_Logical Reasoning_Measured_1,6d84d6b0-ba9e-4e38-9919-387780c0dacd,5b0fa12a-3dd7-45bb-9766-cc326314d9f1,10.413013500000034,2.394359067489609e-05,2.2993911104500164e-06,10.444726239,0.0,10.0,1.7742711209979636e-05,0.0,1.609092500000063e-05,3.383363620998026e-05,0.0,South Africa,ZAF,western cape,,,Windows-10-10.0.19045-SP0,3.11.7,3.2.6,16,AMD Ryzen 7 6800H with Radeon Graphics,0,,18.4259,-33.9258,15.237815856933594,machine,0.0,0,55.087500000000006,8.391194343566895,N,1.0,0.0
2026-08-20T17:19:39,AMD Ryzen 7 6800H_Logical Reasoning_Measured_2,0bc9caae-e738-4c13-ac45-6410205393e3,5b0fa12a-3dd7-45bb-9766-cc326314d9f1,10.95339580000018,2.697316277909925e-05,2.4625388575019635e-06,9.983058027975002,0.0,10.0,1.9200802025639013e-05,0.0,1.8913789444446944e-05,3.811459147008596e-05,0.0,South Africa,ZAF,western cape,,,Windows-10-10.0.19045-SP0,3.11.7,3.2.6,16,AMD Ryzen 7 6800H with Radeon Graphics,0,,18.4259,-33.9258,15.237815856933594,machine,0.0,0,55.17777777777778,8.405234018961588,N,1.0,0.0
2026-08-20T17:19:51,AMD Ryzen 7 6800H_Logical Reasoning_Measured_3,561b9239-76c2-42dc-a10e-568fe8427aee,5b0fa12a-3dd7-45bb-9766-cc326314d9f1,8.279407999999876,1.947120101838932e-05,2.3517624712285723e-06,10.367893012178572,0.0,10.0,1.4498943012182963e-05,0.0,1.3014955833335129e-05,2.751389884551809e-05,0.0,South Africa,ZAF,western cape,,,Windows-10-10.0.19045-SP0,3.11.7,3.2.6,16,AMD Ryzen 7 6800H with Radeon Graphics,0,,18.4259,-33.9258,15.237815856933594,machine,0.0,0,55.28333333333334,8.420363744099935,N,1.0,0.0
2026-08-20T17:20:08,AMD Ryzen 7 6800H_Mathematical Reasoning_Warmup,a10dd268-97d9-479b-bed3-c2430ea714fc,5b0fa12a-3dd7-45bb-9766-cc326314d9f1,13.043641000000209,3.285701839400325e-05,2.5190066480672632e-06,10.950691570312502,0.0,10.0,2.4442961323184523e-05,0.0,2.198584805555584e-05,4.642880937874035e-05,0.0,South Africa,ZAF,western cape,,,Windows-10-10.0.19045-SP0,3.11.7,3.2.6,16,AMD Ryzen 7 6800H with Radeon Graphics,0,,18.4259,-33.9258,15.237815856933594,machine,0.0,0,55.190909090909095,8.413808996027166,N,1.0,0.0
2026-08-20T17:20:33,AMD Ryzen 7 6800H_Mathematical Reasoning_Measured_1,8fbd8c1d-6866-4fc7-8d07-f65e956a0817,5b0fa12a-3dd7-45bb-9766-cc326314d9f1,21.373205400000188,4.692707409770154e-05,2.1956030094438304e-06,11.171704639950002,0.0,10.0,3.536755064787692e-05,0.0,3.0943036388890096e-05,6.631058703676706e-05,0.0,South Africa,ZAF,western cape,,,Windows-10-10.0.19045-SP0,3.11.7,3.2.6,16,AMD Ryzen 7 6800H with Radeon Graphics,0,,18.4259,-33.9258,15.237815856933594,machine,0.0,0,55.32631578947366,8.430676711233039,N,1.0,0.0
2026-08-20T17:20:44,AMD Ryzen 7 6800H_Mathematical Reasoning_Measured_2,cb60d7d7-0e3d-447c-b6f8-aacd61795774,5b0fa12a-3dd7-45bb-9766-cc326314d9f1,7.0010308999999324,2.0931455869358498e-05,2.989767673980513e-06,11.435139844874998,0.0,10.0,1.5804722497316206e-05,0.0,1.3772598333332553e-05,2.957732083064876e-05,0.0,South Africa,ZAF,western cape,,,Windows-10-10.0.19045-SP0,3.11.7,3.2.6,16,AMD Ryzen 7 6800H with Radeon Graphics,0,,18.4259,-33.9258,15.237815856933594,machine,0.0,0,55.18000000000001,8.41272430419922,N,1.0,0.0
2026-08-20T17:21:05,AMD Ryzen 7 6800H_Mathematical Reasoning_Measured_3,a7053c34-27df-4ff3-af30-0d6b1a33996d,5b0fa12a-3dd7-45bb-9766-cc326314d9f1,17.769236600000113,3.924296087120073e-05,2.2084775927402803e-06,9.647191197926473,0.0,10.0,2.7434051121721983e-05,0.0,2.8018453055555408e-05,5.545250417727739e-05,0.0,South Africa,ZAF,western cape,,,Windows-10-10.0.19045-SP0,3.11.7,3.2.6,16,AMD Ryzen 7 6800H with Radeon Graphics,0,,18.4259,-33.9258,15.237815856933594,machine,0.0,0,55.29999999999998,8.424750566482544,N,1.0,0.0
2026-08-20T17:21:48,AMD Ryzen 7 6800H_Code Generation_Warmup,af563634-95dc-4add-bd05-bc708c59d94f,5b0fa12a-3dd7-45bb-9766-cc326314d9f1,38.58592700000008,8.194556120905644e-05,2.1237162763785944e-06,10.92361446735811,0.0,10.0,6.111482374625893e-05,0.0,5.467884916666637e-05,0.0001157936729129,0.0,South Africa,ZAF,western cape,,,Windows-10-10.0.19045-SP0,3.11.7,3.2.6,16,AMD Ryzen 7 6800H with Radeon Graphics,0,,18.4259,-33.9258,15.237815856933594,machine,2.3805555555555555,0,55.33888888888888,8.430110613505045,N,1.0,0.0
2026-08-20T17:22:22,AMD Ryzen 7 6800H_Code Generation_Measured_1,b6029f96-134f-4a2d-8213-daa684ef850d,5b0fa12a-3dd7-45bb-9766-cc326314d9f1,29.67093139999997,6.287126145202839e-05,2.118951394024269e-06,10.701157592571423,0.0,10.0,4.628714391622413e-05,0.0,4.255347388888772e-05,8.884061780511186e-05,0.0,South Africa,ZAF,western cape,,,Windows-10-10.0.19045-SP0,3.11.7,3.2.6,16,AMD Ryzen 7 6800H with Radeon Graphics,0,,18.4259,-33.9258,15.237815856933594,machine,0.0,0,55.29999999999997,8.423210002757886,N,1.0,0.0
2026-08-20T17:22:54,AMD Ryzen 7 6800H_Code Generation_Measured_2,a847fc6d-39c8-4b30-b8ad-0c79d3274003,5b0fa12a-3dd7-45bb-9766-cc326314d9f1,28.28428299999996,6.373487034019333e-05,2.253367014472081e-06,10.696477461750002,0.0,10.0,4.697004058913415e-05,0.0,4.309090500000189e-05,9.006094558913605e-05,0.0,South Africa,ZAF,western cape,,,Windows-10-10.0.19045-SP0,3.11.7,3.2.6,16,AMD Ryzen 7 6800H with Radeon Graphics,0,,18.4259,-33.9258,15.237815856933594,machine,0.0,0,55.3923076923077,8.439565952007587,N,1.0,0.0
2026-08-20T17:23:28,AMD Ryzen 7 6800H_Code Generation_Measured_3,8b6a1d36-f202-41d6-8189-a58390f63d81,5b0fa12a-3dd7-45bb-9766-cc326314d9f1,30.376397500000166,6.299467894539781e-05,2.0738034832931543e-06,10.330210600603452,0.0,10.0,4.5677800588064555e-05,0.0,4.3337213055554016e-05,8.901501364361853e-05,0.0,South Africa,ZAF,western cape,,,Windows-10-10.0.19045-SP0,3.11.7,3.2.6,16,AMD Ryzen 7 6800H with Radeon Graphics,0,,18.4259,-33.9258,15.237815856933594,machine,0.0,0,55.5,8.452230725969587,N,1.0,0.0
